"Name","Team","G","PA","HR","R","RBI","SB","BB%","K%","ISO","BABIP","AVG","OBP","SLG","wOBA","wRC+","BsR","Off","Def","WAR","playerid"
"Mike Trout","Angels","134","600","45","110","104","11","18.3 %","20.0 %",".353",".298",".291",".438",".645",".436","180","7.1","68.2","-0.3","8.6","10155"
"Alex Bregman","Astros","156","690","41","122","112","5","17.2 %","12.0 %",".296",".281",".296",".423",".592",".418","168","-2.1","58.2","4.8","8.5","17678"
"Christian Yelich","Brewers","130","580","44","100","97","30","13.8 %","20.3 %",".342",".355",".329",".429",".671",".442","174","8.5","65.2","-3.9","7.8","11477"
"Cody Bellinger","Dodgers","156","660","47","121","115","15","14.4 %","16.4 %",".324",".302",".305",".406",".629",".415","162","1.4","55.3","3.4","7.8","15998"
"Marcus Semien","Athletics","162","747","33","123","92","10","11.6 %","13.7 %",".237",".294",".285",".369",".522",".373","137","1.7","37.5","14.1","7.6","12533"
"Ketel Marte","Diamondbacks","144","628","32","97","92","10","8.4 %","13.7 %",".264",".342",".329",".389",".592",".405","150","4.2","46.0","6.7","7.1","13613"
"Anthony Rendon","Nationals","146","646","34","117","126","5","12.4 %","13.3 %",".279",".323",".319",".412",".598",".413","154","0.4","46.5","4.2","7.0","12861"
"Xander Bogaerts","Red Sox","155","698","33","110","117","4","10.9 %","17.5 %",".246",".338",".309",".384",".555",".390","141","1.0","37.6","8.1","6.8","12161"
"Mookie Betts","Red Sox","150","706","29","135","80","16","13.7 %","14.3 %",".229",".309",".295",".391",".524",".380","135","5.6","37.0","6.3","6.6","13611"
"George Springer","Astros","122","556","39","96","96","6","12.1 %","20.3 %",".299",".305",".292",".383",".591",".400","156","0.9","40.9","6.4","6.5","12856"
"Matt Chapman","Athletics","156","670","36","102","91","1","10.9 %","21.9 %",".257",".270",".249",".342",".506",".354","125","0.9","22.4","17.1","6.1","16505"
"Rafael Devers","Red Sox","156","702","32","129","115","8","6.8 %","17.0 %",".244",".339",".311",".361",".555",".377","132","2.3","31.4","4.9","5.9","17350"
"Nolan Arenado","Rockies","155","662","41","102","118","3","9.4 %","14.0 %",".269",".312",".315",".379",".583",".392","128","2.5","27.1","12.5","5.9","9777"
"Trevor Story","Rockies","145","656","35","111","85","23","8.8 %","26.5 %",".260",".361",".294",".363",".554",".380","121","5.9","23.8","15.1","5.8","12564"
"J.T. Realmuto","Phillies","145","593","25","92","83","9","6.9 %","20.7 %",".217",".309",".275",".328",".493",".340","108","5.4","11.7","27.8","5.7","11739"
"Yoan Moncada","White Sox","132","559","25","83","79","10","7.2 %","27.5 %",".233",".406",".315",".367",".548",".379","141","3.5","32.6","6.1","5.7","17232"
"Ronald Acuna Jr.","Braves","156","715","41","127","101","37","10.6 %","26.3 %",".238",".337",".280",".365",".518",".369","126","8.1","33.0","1.5","5.6","18401"
"DJ LeMahieu","Yankees","145","655","26","109","102","5","7.0 %","13.7 %",".191",".349",".327",".375",".518",".375","136","-0.8","29.2","2.8","5.4","9874"
"Yasmani Grandal","Brewers","153","632","28","79","77","5","17.2 %","22.0 %",".222",".279",".246",".380",".468",".361","121","-5.1","12.6","20.6","5.2","11368"
"Josh Donaldson","Braves","155","659","37","96","94","4","15.2 %","23.5 %",".262",".292",".259",".379",".521",".377","132","-3.0","24.9","4.5","4.9","5038"
"Peter Alonso","Mets","161","693","53","103","120","1","10.4 %","26.4 %",".323",".280",".260",".358",".583",".384","143","-2.2","37.0","-9.7","4.8","19251"
"Juan Soto","Nationals","150","659","34","110","110","12","16.4 %","20.0 %",".266",".312",".282",".401",".548",".394","142","-0.5","35.9","-7.5","4.8","20123"
"Max Muncy","Dodgers","141","589","35","101","98","4","15.3 %","25.3 %",".265",".283",".251",".374",".515",".372","134","4.8","31.3","-0.8","4.8","13301"
"Kris Bryant","Cubs","147","634","31","108","77","4","11.7 %","22.9 %",".239",".331",".282",".382",".521",".379","135","3.8","32.9","-4.1","4.8","15429"
"Ozzie Albies","Braves","160","702","24","102","86","15","7.7 %","16.0 %",".205",".325",".295",".352",".500",".354","117","4.8","20.1","4.6","4.6","16556"
"Aaron Judge","Yankees","102","447","27","75","55","3","14.3 %","31.5 %",".267",".360",".272",".381",".540",".382","141","0.4","23.7","7.6","4.6","15640"
"Bryce Harper","Phillies","157","682","35","98","114","15","14.5 %","26.1 %",".250",".313",".260",".372",".510",".365","125","-0.6","21.9","3.0","4.6","11579"
"Jeff McNeil","Mets","133","567","23","83","75","5","6.2 %","13.2 %",".214",".337",".318",".384",".531",".384","143","-2.9","29.4","-0.8","4.6","15362"
"Eugenio Suarez","Reds","159","662","49","87","103","3","10.6 %","28.5 %",".301",".312",".271",".358",".572",".381","133","-6.2","22.6","1.9","4.5","12552"
"Max Kepler","Twins","134","596","36","98","90","1","10.1 %","16.6 %",".267",".244",".252",".336",".519",".355","121","-1.8","14.4","10.0","4.4","12144"
"Javier Baez","Cubs","138","561","29","89","85","11","5.0 %","27.8 %",".250",".345",".281",".316",".531",".347","114","1.2","11.2","15.7","4.4","12979"
"Francisco Lindor","Indians","143","654","32","101","74","22","7.0 %","15.0 %",".234",".291",".284",".335",".518",".349","114","-2.0","9.9","12.1","4.4","12916"
"Carlos Santana","Indians","158","686","34","110","93","4","15.7 %","15.7 %",".234",".293",".281",".397",".515",".380","135","1.5","31.9","-11.1","4.4","2396"
"Nelson Cruz","Twins","120","521","41","81","108","0","10.7 %","25.1 %",".328",".351",".311",".392",".639",".417","163","-4.5","37.7","-12.3","4.3","2434"
"Michael Brantley","Astros","148","637","22","88","90","3","8.0 %","10.4 %",".191",".320",".311",".372",".503",".367","133","0.0","27.2","-6.8","4.2","4106"
"Paul DeJong","Cardinals","159","664","30","97","78","9","9.3 %","22.4 %",".211",".259",".233",".318",".444",".322","100","2.3","2.2","18.5","4.1","18015"
"Jorge Polanco","Twins","153","704","22","107","79","4","8.5 %","16.5 %",".190",".328",".295",".356",".485",".352","119","3.1","20.6","-3.9","4.0","13152"
"Austin Meadows","Rays","138","591","33","83","89","12","9.1 %","22.2 %",".268",".331",".291",".364",".558",".380","142","-1.0","31.0","-10.3","4.0","15672"
"Mark Canha","Athletics","126","497","26","80","58","3","13.5 %","21.5 %",".244",".308",".273",".396",".517",".386","146","-1.2","28.2","-4.4","4.0","11445"
"Anthony Rizzo","Cubs","146","613","27","89","94","5","11.6 %","14.0 %",".227",".306",".293",".405",".520",".390","141","-5.4","28.2","-6.9","4.0","3473"
"Freddie Freeman","Braves","158","692","38","113","121","6","12.6 %","18.4 %",".255",".318",".295",".389",".549",".387","138","-0.1","34.9","-16.2","4.0","5361"
"Jonathan Villar","Orioles","162","714","24","111","73","40","8.5 %","24.6 %",".179",".341",".274",".339",".453",".335","107","10.5","17.0","-1.4","4.0","10071"
"Ramon Laureano","Athletics","123","481","24","79","67","13","5.6 %","25.6 %",".233",".342",".288",".340",".521",".356","126","4.9","21.1","1.8","3.9","17128"
"Matt Olson","Athletics","127","547","36","73","91","0","9.3 %","25.2 %",".277",".300",".267",".351",".545",".368","134","-0.5","23.5","-3.0","3.9","14344"
"Mitch Garver","Twins","93","359","31","70","67","0","11.4 %","24.2 %",".357",".277",".273",".365",".630",".404","155","-1.1","24.0","3.1","3.9","15161"
"Yordan Alvarez","Astros","87","369","27","58","78","0","14.1 %","25.5 %",".342",".366",".313",".412",".655",".432","178","-1.8","34.8","-8.5","3.8","19556"
"Michael Conforto","Mets","151","648","33","90","92","7","13.0 %","23.0 %",".237",".290",".257",".363",".494",".358","126","1.4","23.6","-6.0","3.7","16376"
"Kolten Wong","Cardinals","148","549","11","61","59","24","8.6 %","15.1 %",".138",".321",".285",".361",".423",".334","108","7.1","12.9","7.2","3.7","12532"
"Eduardo Escobar","Diamondbacks","158","699","35","94","118","5","7.2 %","18.6 %",".242",".283",".269",".320",".511",".341","109","2.9","11.1","3.9","3.7","6153"
"Gleyber Torres","Yankees","144","604","38","96","90","5","7.9 %","21.4 %",".256",".296",".278",".337",".535",".358","125","-0.5","18.7","-2.6","3.6","16997"
"Jorge Soler","Royals","162","679","48","95","117","3","10.8 %","26.2 %",".304",".294",".265",".354",".569",".378","136","-0.7","30.6","-17.2","3.6","14221"
"Fernando Tatis Jr.","Padres","84","372","22","61","53","16","8.1 %","29.6 %",".272",".410",".317",".379",".590",".398","150","3.0","27.3","-2.1","3.6","19709"
"Brett Gardner","Yankees","141","550","28","86","74","10","9.5 %","19.6 %",".253",".265",".251",".325",".503",".344","115","4.6","15.2","2.5","3.6","9927"
"Trey Mancini","Orioles","154","679","35","106","97","1","9.3 %","21.1 %",".244",".326",".291",".364",".535",".373","132","-2.1","26.1","-13.4","3.6","15149"
"Jose Altuve","Astros","124","548","31","89","74","6","7.5 %","15.0 %",".252",".303",".298",".353",".550",".374","138","-5.0","21.8","-4.8","3.5","5417"
"Christian Vazquez","Red Sox","138","521","23","66","72","4","6.3 %","19.4 %",".201",".305",".276",".320",".477",".331","102","-4.2","-3.1","20.8","3.5","9774"
"Trea Turner","Nationals","122","569","19","96","57","35","7.6 %","19.9 %",".200",".348",".298",".353",".497",".356","117","6.5","19.2","-1.5","3.5","16252"
"Tim Anderson","White Sox","123","518","18","81","56","17","2.9 %","21.0 %",".173",".399",".335",".357",".508",".363","130","1.7","21.4","-3.7","3.5","15172"
"David Fletcher","Angels","154","653","6","83","49","8","8.4 %","9.8 %",".094",".317",".290",".350",".384",".318","99","-0.8","-1.4","13.6","3.4","17992"
"Justin Turner","Dodgers","135","549","27","80","67","2","9.3 %","16.0 %",".219",".304",".290",".372",".509",".370","132","-1.1","22.3","-5.3","3.4","5235"
"Jose Ramirez","Indians","129","542","23","68","83","24","9.6 %","13.7 %",".224",".256",".255",".327",".479",".334","104","6.7","9.6","5.7","3.3","13510"
"Corey Seager","Dodgers","134","541","19","82","87","1","8.1 %","18.1 %",".211",".303",".272",".335",".483",".340","113","3.4","12.6","4.1","3.3","13624"
"Tommy Pham","Rays","145","654","21","77","68","25","12.4 %","18.8 %",".176",".316",".273",".369",".450",".349","121","0.6","18.5","-7.5","3.3","2967"
"Joey Gallo","Rangers","70","297","22","54","49","4","17.5 %","38.4 %",".344",".368",".253",".389",".598",".401","144","2.6","19.3","3.7","3.3","14128"
"Tommy Edman","Cardinals","92","349","11","59","36","15","4.6 %","17.5 %",".196",".346",".304",".350",".500",".357","123","6.6","17.1","5.1","3.2","19470"
"Yuli Gurriel","Astros","144","612","31","85","104","5","6.0 %","10.6 %",".243",".289",".298",".343",".541",".364","132","-2.6","22.2","-10.8","3.2","19198"
"J.D. Martinez","Red Sox","146","657","36","98","105","2","11.0 %","21.0 %",".252",".342",".304",".383",".557",".386","139","-4.6","28.0","-18.1","3.2","6184"
"Tom Murphy","Mariners","76","281","18","32","40","2","6.8 %","31.0 %",".262",".340",".273",".324",".535",".355","126","1.3","10.5","12.5","3.2","13499"
"Carlos Correa","Astros","75","321","21","42","59","1","10.9 %","23.4 %",".289",".303",".279",".358",".568",".380","143","0.5","18.0","3.4","3.2","14162"
"Bryan Reynolds","Pirates","134","546","16","83","68","3","8.4 %","22.2 %",".189",".387",".314",".377",".503",".371","131","0.7","22.8","-7.6","3.2","19326"
"Giovanny Urshela","Yankees","132","476","21","73","74","1","5.3 %","18.3 %",".219",".349",".314",".355",".534",".369","132","-3.1","16.4","-1.1","3.1","10681"
"Manny Machado","Padres","156","661","32","81","85","5","9.8 %","19.4 %",".206",".274",".256",".334",".462",".335","108","-1.7","5.4","4.9","3.1","11493"
"Brian Anderson","Marlins","126","520","20","57","66","5","8.5 %","21.9 %",".207",".305",".261",".342",".468",".342","114","-0.3","9.6","5.0","3.1","18289"
"Joc Pederson","Dodgers","149","514","36","83","74","1","9.7 %","21.6 %",".289",".249",".249",".339",".538",".362","127","0.1","18.4","-3.7","3.0","11899"
"Starling Marte","Pirates","132","586","23","97","82","25","4.3 %","16.0 %",".208",".319",".295",".342",".503",".353","119","3.4","17.8","-5.7","3.0","9241"
"Roberto Perez","Indians","119","449","24","46","63","0","10.0 %","28.3 %",".213",".285",".239",".321",".452",".326","98","-4.1","-5.2","20.0","3.0","2900"
"Hunter Dozier","Royals","139","586","26","75","84","2","9.4 %","25.3 %",".243",".339",".279",".348",".522",".360","124","-2.1","15.6","-5.7","3.0","15117"
"Kyle Seager","Mariners","106","443","23","55","63","2","9.9 %","19.4 %",".229",".248",".239",".321",".468",".332","110","0.5","6.2","8.3","2.9","9785"
"Howie Kendrick","Nationals","121","370","17","61","62","2","7.3 %","13.2 %",".228",".359",".344",".395",".572",".400","146","-1.9","20.6","-2.3","2.9","4229"
"Paul Goldschmidt","Cardinals","161","682","34","97","97","3","11.4 %","24.3 %",".216",".303",".260",".346",".476",".346","116","3.2","17.3","-9.3","2.9","9218"
"Whit Merrifield","Royals","162","735","16","105","74","20","6.1 %","17.1 %",".160",".350",".302",".348",".463",".340","110","1.5","11.1","-7.4","2.9","11281"
"Willy Adames","Rays","152","584","20","69","52","4","7.9 %","26.2 %",".164",".320",".254",".317",".418",".313","97","2.2","0.0","8.5","2.8","15986"
"Mike Moustakas","Brewers","143","584","35","80","87","3","9.1 %","16.8 %",".262",".250",".254",".329",".516",".348","113","-2.2","7.8","2.0","2.8","4892"
"Nicholas Castellanos","- - -","151","664","27","100","73","2","6.2 %","21.5 %",".236",".337",".289",".337",".525",".357","121","-0.5","18.3","-12.6","2.8","11737"
"Miguel Sano","Twins","105","439","34","76","79","0","12.5 %","36.2 %",".329",".319",".247",".346",".576",".378","137","-1.4","19.4","-6.6","2.7","12164"
"Amed Rosario","Mets","157","655","15","75","72","19","4.7 %","18.9 %",".144",".338",".287",".323",".432",".318","100","1.3","1.1","5.9","2.7","15518"
"Scott Kingery","Phillies","126","500","19","64","55","15","6.8 %","29.4 %",".216",".337",".258",".315",".474",".329","101","5.3","6.0","5.9","2.7","17975"
"Willson Contreras","Cubs","105","409","24","57","64","1","9.3 %","24.9 %",".261",".314",".272",".355",".533",".368","127","0.2","14.9","-0.3","2.7","11609"
"Byron Buxton","Twins","87","295","10","48","46","14","6.4 %","23.1 %",".251",".314",".262",".314",".513",".340","111","3.3","7.5","9.8","2.7","14161"
"Eric Sogard","- - -","110","442","13","59","40","8","8.6 %","14.3 %",".167",".316",".290",".353",".457",".342","115","4.3","12.6","-1.0","2.6","7927"
"Brandon Lowe","Rays","82","327","17","42","51","5","7.6 %","34.6 %",".243",".377",".270",".336",".514",".354","125","5.1","15.6","-0.4","2.6","18882"
"Mike Tauchman","Yankees","87","296","13","46","47","6","11.5 %","24.0 %",".227",".333",".277",".361",".504",".364","128","1.2","11.9","4.2","2.6","15274"
"Kyle Schwarber","Cubs","155","610","38","82","92","2","11.5 %","25.6 %",".282",".276",".250",".339",".531",".357","120","-2.3","13.8","-7.1","2.6","16478"
"Kole Calhoun","Angels","152","632","33","92","74","4","11.1 %","25.6 %",".236",".265",".232",".325",".467",".330","108","-1.2","4.9","-1.1","2.5","11200"
"Marcell Ozuna","Cardinals","130","549","29","80","89","12","11.3 %","20.8 %",".231",".257",".241",".328",".472",".336","109","1.6","8.1","0.0","2.5","10324"
"Edwin Encarnacion","- - -","109","486","34","81","86","0","11.9 %","21.2 %",".287",".239",".244",".344",".531",".362","129","1.0","19.3","-10.9","2.5","2151"
"Victor Robles","Nationals","155","617","17","86","65","28","5.7 %","22.7 %",".165",".310",".255",".326",".419",".317","91","4.2","-3.0","8.5","2.5","18363"
"Josh Bell","Pirates","143","613","37","94","116","0","12.1 %","19.2 %",".292",".288",".277",".367",".569",".378","135","-5.0","23.7","-18.2","2.5","13145"
"Adalberto Mondesi","Royals","102","443","9","58","62","43","4.3 %","29.8 %",".161",".357",".263",".291",".424",".298","82","6.7","-3.7","13.3","2.4","13769"
"Cavan Biggio","Blue Jays","100","430","16","66","48","14","16.5 %","28.6 %",".195",".309",".234",".364",".429",".343","114","4.9","12.6","-2.7","2.4","19252"
"Nick Ahmed","Diamondbacks","158","625","19","79","82","8","8.3 %","18.1 %",".183",".280",".254",".316",".437",".315","92","2.2","-4.8","9.0","2.4","12147"
"Kevin Newman","Pirates","130","531","12","61","64","16","5.3 %","11.7 %",".138",".333",".308",".353",".446",".339","110","-0.2","6.7","0.5","2.4","17696"
"J.D. Davis","Mets","140","453","22","65","57","3","8.4 %","21.4 %",".220",".355",".307",".369",".527",".373","136","-2.8","18.7","-9.0","2.4","16219"
"Adam Eaton","Nationals","151","656","15","103","49","15","9.9 %","16.2 %",".148",".319",".279",".365",".428",".342","107","3.5","10.0","-7.0","2.3","11205"
"Jean Segura","Phillies","144","618","12","79","60","10","4.9 %","11.8 %",".141",".302",".280",".323",".420",".315","92","5.7","-0.9","5.0","2.3","5933"
"Gary Sanchez","Yankees","106","446","34","62","77","0","9.0 %","28.0 %",".293",".244",".232",".316",".525",".346","116","-1.1","8.1","-0.1","2.3","11442"
"James McCann","White Sox","118","476","18","62","60","4","6.3 %","28.8 %",".187",".359",".273",".328",".460",".333","109","0.7","6.2","0.4","2.3","12859"
"Robinson Chirinos","Astros","114","437","17","57","58","1","11.7 %","28.6 %",".205",".306",".238",".347",".443",".336","113","-2.0","5.2","2.7","2.3","3142"
"Christian Walker","Diamondbacks","152","603","29","86","73","8","11.1 %","25.7 %",".217",".312",".259",".348",".476",".346","112","2.6","12.0","-8.4","2.2","13419"
"Adam Frazier","Pirates","152","608","10","80","50","5","6.6 %","12.3 %",".139",".306",".278",".336",".417",".320","97","0.7","-1.6","4.9","2.2","15223"
"Mike Yastrzemski","Giants","107","411","21","64","55","2","7.8 %","26.0 %",".245",".325",".272",".334",".518",".353","121","1.6","12.9","-3.2","2.2","14854"
"Jordan Luplow","Indians","85","261","15","42","38","3","12.6 %","23.4 %",".276",".313",".276",".372",".551",".383","137","1.3","13.7","-0.2","2.2","16424"
"Alex Verdugo","Dodgers","106","377","12","43","44","4","6.9 %","13.0 %",".181",".309",".294",".342",".475",".341","114","0.6","7.3","2.8","2.2","17027"
"Rhys Hoskins","Phillies","160","705","29","86","85","2","16.5 %","24.5 %",".228",".267",".226",".364",".454",".347","113","-2.7","9.2","-9.8","2.2","16472"
"Keston Hiura","Brewers","84","348","19","51","49","9","7.2 %","30.7 %",".268",".402",".303",".368",".570",".388","139","-0.1","17.8","-7.1","2.1","20003"
"Tyler Flowers","Braves","85","310","11","36","34","0","10.0 %","33.9 %",".185",".325",".229",".319",".413",".310","88","-2.4","-7.4","19.0","2.1","9134"
"Luis Arraez","Twins","92","366","4","54","28","2","9.8 %","7.9 %",".104",".355",".334",".399",".439",".360","125","1.8","13.4","-4.8","2.1","18568"
"Tommy La Stella","Angels","80","321","16","49","44","0","6.2 %","8.7 %",".192",".282",".295",".346",".486",".351","122","-0.1","8.9","0.6","2.0","12371"
"Andrew Benintendi","Red Sox","138","615","13","72","68","10","9.6 %","22.8 %",".165",".333",".266",".343",".431",".330","100","2.7","3.1","-4.1","2.0","17901"
"Evan Longoria","Giants","129","508","20","59","69","3","8.5 %","22.0 %",".183",".291",".254",".325",".437",".322","101","-1.3","-0.6","4.6","2.0","9368"
"Charlie Blackmon","Rockies","140","634","32","112","86","2","6.3 %","16.4 %",".262",".334",".314",".364",".576",".387","125","-4.5","16.7","-16.9","2.0","7859"
"Ryan Braun","Brewers","144","508","22","70","75","11","6.7 %","20.7 %",".220",".325",".285",".343",".505",".354","117","-0.7","10.5","-6.9","1.9","3410"
"Jason Heyward","Cubs","147","589","21","78","62","8","11.5 %","18.7 %",".177",".281",".251",".343",".429",".328","101","2.1","2.6","-1.7","1.9","4940"
"Danny Santana","Rangers","130","511","28","81","81","21","4.9 %","29.5 %",".251",".353",".283",".324",".534",".352","111","4.6","11.6","-9.8","1.9","10322"
"Miguel Rojas","Marlins","132","526","5","52","46","9","6.1 %","11.8 %",".095",".314",".284",".331",".379",".305","90","-2.9","-9.8","12.6","1.9","7802"
"Ji-Man Choi","Rays","127","487","19","54","63","2","13.1 %","22.2 %",".198",".303",".261",".363",".459",".348","121","0.8","13.8","-11.1","1.9","5452"
"Eric Thames","Brewers","149","459","25","67","61","3","11.1 %","30.5 %",".258",".313",".247",".346",".505",".354","117","2.6","12.6","-7.6","1.9","3711"
"Niko Goodrum","Tigers","112","472","12","61","45","12","9.7 %","29.2 %",".173",".338",".248",".322",".421",".315","94","6.9","3.4","-0.6","1.9","12092"
"Hanser Alberto","Orioles","139","550","12","62","51","4","2.9 %","9.1 %",".116",".318",".305",".329",".422",".318","96","-1.7","-4.7","4.8","1.9","11902"
"Hunter Renfroe","Padres","140","494","33","64","64","5","9.3 %","31.2 %",".273",".239",".216",".289",".489",".320","98","-0.4","-1.6","5.1","1.9","15464"
"Brian Goodwin","Angels","136","458","17","65","47","7","8.3 %","28.2 %",".208",".337",".262",".326",".470",".332","109","2.2","7.5","-4.4","1.9","12858"
"Carson Kelly","Diamondbacks","111","365","18","46","47","0","13.2 %","21.6 %",".232",".271",".245",".348",".478",".339","108","-1.9","1.8","5.6","1.9","13620"
"Asdrubal Cabrera","- - -","131","514","18","69","91","4","11.1 %","20.0 %",".181",".294",".260",".342",".441",".331","98","-4.2","-5.4","6.9","1.9","4962"
"Jose Abreu","White Sox","159","693","33","85","123","2","5.2 %","21.9 %",".219",".320",".284",".330",".503",".344","117","-5.3","9.7","-15.0","1.9","15676"
"Eloy Jimenez","White Sox","122","504","31","69","79","0","6.0 %","26.6 %",".246",".308",".267",".315",".513",".343","116","1.8","12.3","-11.0","1.9","17484"
"Todd Frazier","Mets","133","499","21","63","67","1","8.0 %","21.2 %",".192",".284",".251",".329",".443",".328","106","-1.6","2.4","0.5","1.9","785"
"Buster Posey","Giants","114","445","7","43","38","0","7.6 %","16.0 %",".111",".296",".257",".320",".368",".298","85","-4.9","-13.7","18.3","1.8","9166"
"Avisail Garcia","Rays","125","530","20","61","72","10","5.8 %","23.6 %",".182",".340",".282",".332",".464",".334","112","-3.5","4.3","-4.2","1.8","5760"
"Shohei Ohtani","Angels","106","425","18","51","62","12","7.8 %","25.9 %",".219",".354",".286",".343",".505",".352","123","1.4","13.7","-9.9","1.8","19755"
"Omar Narvaez","Mariners","132","482","22","63","55","0","9.8 %","19.1 %",".182",".306",".278",".353",".460",".345","119","-1.5","10.2","-8.5","1.8","13338"
"Hunter Pence","Rangers","83","316","18","53","59","6","8.2 %","21.8 %",".255",".333",".297",".358",".552",".377","128","3.3","14.6","-7.0","1.8","8252"
"Lourdes Gurriel Jr.","Blue Jays","84","343","20","52","50","6","5.8 %","25.1 %",".264",".318",".277",".327",".541",".358","124","0.6","11.3","-4.7","1.8","19238"
"Harrison Bader","Cardinals","128","406","12","54","39","11","11.3 %","28.8 %",".161",".268",".205",".314",".366",".293","81","0.7","-9.3","14.5","1.8","18030"
"Shin-Soo Choo","Rangers","151","660","24","93","61","15","11.8 %","25.0 %",".190",".333",".265",".371",".455",".353","112","3.8","13.8","-19.2","1.7","3174"
"Bo Bichette","Blue Jays","46","212","11","32","21","4","6.6 %","23.6 %",".260",".368",".311",".358",".571",".384","142","-1.2","10.2","0.2","1.7","19612"
"Jon Berti","Marlins","73","287","6","52","24","17","8.4 %","25.4 %",".133",".360",".273",".348",".406",".326","104","6.4","8.0","0.6","1.7","12037"
"Chris Taylor","Dodgers","124","414","12","52","52","8","8.9 %","27.8 %",".199",".344",".262",".333",".462",".331","107","2.5","6.3","-1.8","1.7","13757"
"Oscar Mercado","Indians","115","482","15","70","54","15","5.8 %","17.4 %",".174",".300",".269",".318",".443",".321","95","3.5","0.3","0.4","1.7","16375"
"Cesar Hernandez","Phillies","161","667","14","77","71","9","6.7 %","15.0 %",".129",".313",".279",".333",".408",".315","92","1.5","-5.5","1.6","1.7","10556"
"David Peralta","Diamondbacks","99","423","12","48","57","0","8.3 %","20.6 %",".186",".327",".275",".343",".461",".338","107","-1.7","2.0","2.0","1.7","2136"
"Andrelton Simmons","Angels","103","424","7","47","40","10","5.7 %","8.7 %",".101",".277",".264",".309",".364",".290","81","-1.7","-12.2","14.8","1.7","10847"
"Luke Voit","Yankees","118","510","21","72","62","0","13.9 %","27.8 %",".200",".345",".263",".378",".464",".360","126","-3.8","12.9","-13.6","1.7","14811"
"Brian Dozier","Nationals","135","482","20","54","50","3","12.7 %","21.8 %",".192",".271",".238",".340",".430",".329","99","-1.6","-2.0","3.4","1.7","9810"
"Will Smith","Dodgers","54","196","15","30","42","2","9.2 %","26.5 %",".318",".264",".253",".337",".571",".369","132","-0.8","7.4","3.3","1.7","19197"
"Victor Reyes","Tigers","69","292","3","29","25","9","4.8 %","21.9 %",".127",".384",".304",".336",".431",".325","100","0.3","0.5","5.9","1.6","15487"
"Jason Castro","Twins","79","275","13","39","30","0","12.0 %","32.0 %",".203",".307",".232",".332",".435",".328","103","-0.8","0.2","6.7","1.6","8722"
"Manuel Margot","Padres","151","441","12","59","37","20","8.6 %","20.0 %",".153",".272",".234",".304",".387",".296","82","5.0","-5.2","7.5","1.6","14712"
"Cameron Maybin","Yankees","82","269","11","48","32","9","11.2 %","26.8 %",".209",".365",".285",".364",".494",".362","127","0.7","10.2","-3.3","1.6","5223"
"Daniel Vogelbach","Mariners","144","558","30","73","76","0","16.5 %","26.7 %",".232",".232",".208",".341",".439",".333","111","-0.1","7.7","-11.2","1.6","14130"
"Jose Iglesias","Reds","146","530","11","62","59","6","3.8 %","13.2 %",".119",".315",".288",".318",".407",".306","84","-1.9","-13.0","11.9","1.6","10231"
"Travis d'Arnaud","- - -","103","391","16","52","69","0","8.2 %","21.7 %",".182",".281",".251",".312",".433",".314","98","-1.1","-2.3","4.5","1.6","7739"
"Yandy Diaz","Rays","79","347","14","53","38","2","10.1 %","17.6 %",".208",".288",".267",".340",".476",".341","116","-0.2","7.0","-3.3","1.5","16578"
"Tyler Naquin","Indians","89","294","10","34","34","4","4.8 %","22.4 %",".179",".345",".288",".325",".467",".330","101","-1.2","-0.8","6.1","1.5","13359"
"Dexter Fowler","Cardinals","150","574","19","69","67","8","12.9 %","24.7 %",".170",".294",".238",".346",".409",".326","103","-0.3","1.6","-4.7","1.5","4062"
"Andrew McCutchen","Phillies","59","262","10","45","29","2","16.4 %","21.0 %",".201",".299",".256",".378",".457",".358","120","0.2","7.2","-0.2","1.5","9847"
"Kevin Kiermaier","Rays","129","480","14","60","55","19","5.4 %","21.7 %",".170",".267",".228",".278",".398",".284","78","3.5","-10.3","8.7","1.5","11038"
"Austin Nola","Mariners","79","267","10","37","31","1","8.6 %","23.6 %",".185",".325",".269",".342",".454",".337","114","1.5","6.1","-0.1","1.5","15941"
"Lorenzo Cain","Brewers","148","623","11","75","48","18","8.0 %","17.0 %",".112",".301",".260",".325",".372",".302","83","0.4","-13.8","9.0","1.5","9077"
"Dansby Swanson","Braves","127","545","17","77","65","10","9.4 %","22.8 %",".172",".300",".251",".325",".422",".317","92","3.9","-1.5","-0.8","1.5","18314"
"David Bote","Cubs","127","356","11","47","41","5","12.4 %","26.1 %",".165",".333",".257",".362",".422",".336","106","2.4","5.2","-1.4","1.5","14593"
"Kevin Pillar","- - -","161","645","21","83","88","14","2.8 %","13.8 %",".173",".270",".259",".287",".432",".298","85","6.0","-6.8","1.2","1.5","12434"
"Ian Happ","Cubs","58","156","11","25","30","2","9.6 %","25.0 %",".300",".286",".264",".333",".564",".368","127","1.4","7.0","2.9","1.5","17919"
"Elvis Andrus","Rangers","147","648","12","81","72","31","5.2 %","14.8 %",".118",".305",".275",".313",".393",".300","76","3.5","-16.6","8.5","1.4","8709"
"Wilson Ramos","Mets","141","524","14","52","73","1","8.4 %","13.2 %",".129",".310",".288",".351",".416",".327","105","-5.8","-2.1","-0.1","1.4","1433"
"David Freese","Dodgers","79","186","11","35","29","0","12.4 %","23.7 %",".284",".374",".315",".403",".599",".415","162","-2.1","13.1","-4.4","1.4","9549"
"Marwin Gonzalez","Twins","114","463","15","52","55","1","6.7 %","21.2 %",".151",".310",".264",".322",".414",".313","93","0.4","-3.8","2.2","1.4","5497"
"Victor Caratini","Cubs","95","279","11","31","34","1","10.4 %","21.1 %",".180",".305",".266",".348",".447",".338","108","-1.5","1.3","4.3","1.4","14968"
"Freddy Galvis","- - -","147","589","23","67","70","4","4.8 %","24.6 %",".178",".312",".260",".296",".438",".307","89","-0.8","-9.0","3.1","1.4","6609"
"Austin Hedges","Padres","102","347","11","28","36","1","7.8 %","31.4 %",".135",".228",".176",".252",".311",".242","47","0.1","-24.0","27.3","1.4","12976"
"Jackie Bradley Jr.","Red Sox","147","567","21","69","62","8","9.9 %","27.3 %",".196",".281",".225",".317",".421",".314","90","0.5","-7.0","1.3","1.4","12984"
"David Dahl","Rockies","100","413","15","67","61","4","6.8 %","26.6 %",".222",".386",".302",".353",".524",".364","110","0.6","6.1","-5.1","1.4","13744"
"Danny Jansen","Blue Jays","107","384","13","41","43","0","8.1 %","20.6 %",".153",".230",".207",".279",".360",".275","68","-0.6","-16.3","17.0","1.4","16535"
"Greg Garcia","Padres","134","372","4","52","31","0","14.2 %","22.3 %",".106",".323",".248",".364",".354",".319","97","0.2","-1.1","3.1","1.4","10951"
"Jacob Stallings","Pirates","71","210","6","26","13","0","7.6 %","19.0 %",".120",".303",".262",".325",".382",".297","82","-0.1","-5.0","12.0","1.3","13723"
"Jurickson Profar","Athletics","139","518","20","65","67","9","9.3 %","14.5 %",".192",".218",".218",".301",".410",".301","89","1.8","-5.3","0.7","1.3","10815"
"Brock Holt","Red Sox","87","295","3","38","31","1","9.5 %","19.3 %",".104",".365",".297",".369",".402",".333","103","-1.2","-0.2","3.4","1.3","9345"
"Jorge Alfaro","Marlins","130","465","18","44","57","4","4.7 %","33.1 %",".162",".364",".262",".312",".425",".312","95","-5.7","-9.0","7.5","1.3","12180"
"Donovan Solano","Giants","81","228","4","27","23","0","4.4 %","21.5 %",".126",".409",".330",".360",".456",".346","116","-0.9","4.1","2.1","1.3","8623"
"Garrett Cooper","Marlins","107","421","15","52","50","0","7.8 %","26.1 %",".165",".357",".281",".344",".446",".337","111","-2.8","3.1","-3.3","1.3","15279"
"Leury Garcia","White Sox","140","618","8","93","40","15","3.4 %","22.5 %",".099",".353",".279",".310",".378",".294","83","5.6","-7.6","-0.9","1.3","5913"
"Brandon Nimmo","Mets","69","254","8","34","29","3","18.1 %","28.0 %",".186",".293",".221",".375",".407",".340","114","1.9","6.6","-1.5","1.3","12927"
"Jonathan Schoop","Twins","121","464","23","61","59","1","4.3 %","25.0 %",".217",".298",".256",".304",".473",".324","100","-0.8","-0.6","-2.5","1.3","11265"
"Starlin Castro","Marlins","162","676","22","68","86","2","4.1 %","16.4 %",".165",".293",".270",".300",".436",".307","91","-4.2","-12.1","3.6","1.3","4579"
"J.P. Crawford","Mariners","93","396","7","43","46","5","10.9 %","21.0 %",".145",".275",".226",".313",".371",".296","86","0.7","-6.3","5.5","1.3","15491"
"Alex Avila","Diamondbacks","63","201","9","22","24","1","17.9 %","33.8 %",".213",".287",".207",".353",".421",".323","97","-3.1","-3.9","10.5","1.3","7476"
"Alex Gordon","Royals","150","633","13","77","76","5","8.1 %","15.8 %",".129",".301",".266",".345",".396",".319","96","-2.4","-5.9","-3.5","1.3","5209"
"Jarrod Dyson","Diamondbacks","130","452","7","65","27","30","10.4 %","19.0 %",".090",".275",".230",".313",".320",".281","69","8.9","-9.5","7.8","1.3","4866"
"Yasiel Puig","- - -","149","611","24","76","84","19","7.2 %","21.8 %",".191",".308",".267",".327",".458",".330","101","-0.9","-0.5","-7.1","1.2","14225"
"Teoscar Hernandez","Blue Jays","125","464","26","58","65","6","9.7 %","33.0 %",".242",".293",".230",".306",".472",".325","102","0.7","1.8","-5.4","1.2","13066"
"Matt Carpenter","Cardinals","129","492","15","59","46","6","12.8 %","26.2 %",".166",".285",".226",".334",".392",".315","95","0.2","-2.8","-0.7","1.2","8090"
"Reese McGuire","Blue Jays","30","105","5","14","11","0","6.7 %","17.1 %",".227",".324",".299",".346",".526",".364","128","-0.2","3.7","5.1","1.2","15674"
"Matt Joyce","Braves","129","238","7","32","23","0","16.0 %","18.9 %",".155",".351",".295",".408",".450",".372","128","-0.1","8.8","-4.2","1.2","3353"
"Brad Miller","- - -","79","170","13","26","25","2","8.8 %","26.5 %",".305",".281",".260",".329",".565",".368","126","0.2","6.1","0.6","1.2","12775"
"Russell Martin","Dodgers","83","249","6","29","20","1","12.0 %","24.1 %",".110",".276",".220",".337",".330",".295","83","0.2","-5.3","9.4","1.2","4616"
"Yadier Molina","Cardinals","113","452","10","45","57","6","5.1 %","12.8 %",".129",".289",".270",".312",".399",".303","87","-3.8","-11.4","8.8","1.2","7007"
"Luis Rengifo","Angels","108","406","7","44","33","2","9.9 %","22.9 %",".126",".300",".238",".321",".364",".298","86","0.5","-6.7","4.3","1.2","19858"
"Eddie Rosario","Twins","137","590","32","91","109","3","3.7 %","14.6 %",".224",".273",".276",".300",".500",".329","103","0.2","2.8","-11.7","1.2","12155"
"Enrique Hernandez","Dodgers","130","460","17","57","64","4","7.8 %","21.1 %",".174",".266",".237",".304",".411",".301","88","1.5","-6.1","3.1","1.2","10472"
"Aledmys Diaz","Astros","69","247","9","36","40","2","10.5 %","11.3 %",".195",".268",".271",".356",".467",".345","119","-0.6","5.3","-2.3","1.1","15937"
"Jake Marisnick","Astros","120","318","10","46","34","10","5.3 %","29.9 %",".178",".310",".233",".289",".411",".297","86","2.0","-3.8","4.0","1.1","11339"
"Brian McCann","Braves","85","316","12","28","45","0","9.8 %","16.8 %",".162",".261",".249",".323",".412",".311","89","-2.5","-7.1","8.3","1.1","4810"
"Mitch Haniger","Mariners","63","283","15","46","32","4","10.6 %","28.6 %",".244",".257",".220",".314",".463",".326","106","0.5","2.7","-1.2","1.1","14274"
"Derek Dietrich","Reds","113","306","19","41","43","1","9.2 %","24.2 %",".275",".176",".187",".328",".462",".334","102","1.4","2.4","-0.9","1.1","10542"
"Wilmer Flores","Diamondbacks","89","285","9","31","37","0","5.3 %","10.9 %",".170",".332",".317",".361",".487",".358","120","-1.9","5.7","-3.6","1.1","5827"
"Manny Pina","Brewers","76","179","7","10","25","0","8.9 %","27.9 %",".184",".284",".228",".313",".411",".308","87","0.3","-2.9","8.3","1.1","2829"
"Aaron Hicks","Yankees","59","255","12","41","36","1","12.2 %","28.2 %",".208",".286",".235",".325",".443",".325","102","-0.1","0.6","1.3","1.1","5297"
"Jason Kipnis","Indians","121","511","17","52","65","7","7.8 %","17.2 %",".166",".265",".245",".304",".410",".301","82","0.0","-11.9","4.8","1.1","9776"
"Aristides Aquino","Reds","56","225","19","31","47","7","7.1 %","26.7 %",".317",".266",".259",".316",".576",".360","119","1.6","7.4","-4.0","1.0","15482"
"Curt Casali","Reds","84","236","8","24","32","0","10.6 %","25.0 %",".159",".308",".251",".331",".411",".316","90","1.5","-1.5","4.5","1.0","12510"
"Corey Dickerson","- - -","78","279","12","33","59","1","5.7 %","20.1 %",".262",".344",".304",".341",".565",".367","127","-0.9","9.0","-7.4","1.0","10762"
"Mike Freeman","Indians","75","213","4","27","24","1","10.3 %","28.6 %",".113",".388",".277",".362",".390",".327","99","1.8","1.6","1.3","1.0","11241"
"Yolmer Sanchez","White Sox","149","555","2","59","43","5","7.9 %","21.1 %",".069",".324",".252",".318",".321",".281","74","2.0","-16.3","7.0","1.0","11602"
"Josh Reddick","Astros","141","550","14","57","56","5","6.5 %","12.0 %",".134",".288",".275",".319",".409",".308","94","0.4","-4.1","-4.9","1.0","3892"
"Zack Greinke","- - -","36","56","3","7","8","1","3.6 %","21.4 %",".300",".314",".280",".308",".580",".362","123","-0.3","1.4","6.9","1.0","1943"
"Jesse Winker","Reds","113","384","16","51","38","0","9.9 %","15.6 %",".204",".286",".269",".357",".473",".351","113","-4.1","2.8","-5.2","1.0","13590"
"Cesar Puello","- - -","44","147","4","14","18","0","6.8 %","25.9 %",".136",".325",".248",".356",".384",".325","104","0.0","0.5","4.5","1.0","7216"
"Franmil Reyes","- - -","150","548","37","69","81","0","8.6 %","28.5 %",".263",".279",".249",".310",".512",".338","109","-3.2","3.1","-11.5","1.0","14566"
"Pablo Sandoval","Giants","108","296","14","42","41","1","6.1 %","22.6 %",".239",".304",".268",".313",".507",".336","110","-0.6","3.4","-3.1","1.0","5409"
"Didi Gregorius","Yankees","82","344","16","47","61","2","4.9 %","15.4 %",".204",".237",".238",".276",".441",".297","84","1.1","-6.1","3.6","0.9","6012"
"Myles Straw","Astros","56","128","0","27","7","8","14.8 %","18.8 %",".074",".345",".269",".378",".343",".323","104","2.8","3.4","1.7","0.9","17620"
"Tim Locastro","Diamondbacks","91","250","1","38","17","17","5.6 %","17.6 %",".090",".310",".250",".357",".340",".314","91","5.2","2.2","-0.9","0.9","15124"
"Jake Cave","Twins","72","228","8","28","25","0","9.2 %","31.1 %",".197",".358",".258",".351",".455",".343","113","0.7","4.6","-3.2","0.9","14477"
"Ender Inciarte","Braves","65","230","5","30","24","7","11.3 %","17.8 %",".151",".286",".246",".343",".397",".318","93","2.6","0.6","1.4","0.9","4922"
"Adam Haseley","Phillies","67","242","5","30","26","4","5.8 %","24.8 %",".131",".344",".266",".324",".396",".309","88","1.5","-2.4","4.0","0.9","19878"
"A.J. Pollock","Dodgers","86","342","15","49","47","5","6.7 %","21.6 %",".201",".300",".266",".327",".468",".333","108","1.9","5.5","-7.2","0.9","9256"
"Austin Hays","Orioles","21","75","4","12","13","2","9.3 %","17.3 %",".265",".333",".309",".373",".574",".393","146","1.1","5.5","1.2","0.9","19363"
"Stephen Vogt","Giants","99","280","10","30","40","3","7.1 %","23.6 %",".227",".311",".263",".314",".490",".331","107","0.3","2.8","-2.8","0.9","5000"
"Ben Gamel","Brewers","134","356","7","47","33","2","11.2 %","29.2 %",".125",".347",".248",".337",".373",".308","87","2.5","-3.7","1.0","0.9","12160"
"Austin Romine","Yankees","73","240","8","29","35","1","4.2 %","20.8 %",".158",".327",".281",".310",".439",".315","95","-2.2","-3.6","3.9","0.9","5491"
"Adam Engel","White Sox","89","248","6","26","26","3","5.6 %","31.5 %",".141",".343",".242",".304",".383",".296","84","1.6","-3.5","3.4","0.8","15082"
"Chad Pinder","Athletics","124","370","13","45","47","0","5.4 %","23.8 %",".176",".284",".240",".290",".416",".298","87","-1.5","-7.7","3.1","0.8","15191"
"Dominic Smith","Mets","89","197","11","35","25","1","9.6 %","22.3 %",".243",".320",".282",".355",".525",".368","133","-1.6","6.9","-4.8","0.8","15653"
"Mike Ford","Yankees","50","163","12","30","25","0","10.4 %","17.2 %",".301",".243",".259",".350",".559",".372","134","0.3","7.4","-4.8","0.8","15585"
"Robbie Grossman","Athletics","138","482","6","57","38","9","12.2 %","17.8 %",".107",".288",".240",".334",".348",".299","88","0.0","-7.6","-1.1","0.8","5254"
"Delino DeShields","Rangers","118","408","4","42","32","24","9.3 %","24.5 %",".098",".333",".249",".325",".347",".295","72","4.8","-9.6","3.5","0.8","11379"
"Yan Gomes","Nationals","97","358","12","36","43","2","10.6 %","23.5 %",".166",".265",".223",".316",".389",".298","79","-2.1","-12.0","8.4","0.8","9627"
"Steven Brault","Pirates","34","50","1","8","2","0","2.0 %","16.0 %",".095",".394",".333",".349",".429",".332","105","0.0","0.3","6.1","0.8","15291"
"Robinson Cano","Mets","107","423","13","46","39","0","5.9 %","16.3 %",".172",".280",".256",".307",".428",".308","93","-2.3","-6.1","0.3","0.8","3269"
"Martin Maldonado","- - -","105","374","12","46","27","0","8.6 %","23.0 %",".165",".250",".213",".293",".378",".288","76","-3.1","-14.6","9.3","0.8","6887"
"Nick Senzel","Reds","104","414","12","55","42","14","7.2 %","24.4 %",".171",".319",".256",".315",".427",".315","90","-0.4","-5.9","0.2","0.7","19293"
"Adeiny Hechavarria","- - -","84","221","9","34","33","3","6.3 %","21.7 %",".202",".272",".241",".299",".443",".312","93","0.7","-1.2","1.6","0.7","10459"
"Tucker Barnhart","Reds","114","364","11","32","40","1","12.1 %","22.8 %",".149",".278",".231",".328",".380",".301","81","-3.5","-12.8","8.6","0.7","10200"
"Adam Duvall","Braves","41","130","10","17","19","0","5.4 %","30.0 %",".300",".306",".267",".315",".567",".360","121","1.1","4.7","-1.4","0.7","10950"
"Anthony Santander","Orioles","93","405","20","46","59","1","4.7 %","21.2 %",".216",".285",".261",".297",".476",".321","97","-0.2","-1.6","-5.3","0.7","14551"
"Seth Brown","Athletics","26","83","0","11","13","1","8.4 %","27.7 %",".160",".423",".293",".361",".453",".347","120","-0.1","2.0","2.5","0.7","18171"
"Austin Barnes","Dodgers","75","242","5","28","25","3","9.5 %","23.1 %",".137",".248",".203",".293",".340",".272","68","-0.9","-11.1","10.6","0.7","12158"
"Austin Slater","Giants","68","192","5","20","21","1","11.5 %","30.7 %",".179",".337",".238",".333",".417",".320","100","1.7","1.6","-0.6","0.7","16153"
"Shed Long","Mariners","42","168","5","21","15","3","9.5 %","23.8 %",".191",".327",".263",".333",".454",".333","111","1.1","3.5","-2.3","0.7","16542"
"Mitch Moreland","Red Sox","91","335","19","48","58","1","10.1 %","22.1 %",".255",".271",".252",".328",".507",".347","112","-2.1","3.2","-8.0","0.7","3086"
"Joey Votto","Reds","142","608","15","79","47","5","12.5 %","20.2 %",".150",".313",".261",".357",".411",".332","101","-3.9","-3.3","-9.4","0.7","4314"
"Michael Chavis","Red Sox","95","382","18","46","58","2","8.1 %","33.2 %",".190",".347",".254",".322",".444",".323","96","-2.3","-4.2","-2.4","0.7","17321"
"Dustin Garneau","- - -","35","101","3","14","14","0","9.9 %","21.8 %",".163",".295",".244",".350",".407",".330","108","-1.4","-0.4","3.7","0.7","9433"
"Michael Brosseau","Rays","51","142","6","17","16","1","4.9 %","27.5 %",".189",".345",".273",".319",".462",".329","108","1.2","2.7","-1.0","0.7","19683"
"Sean Murphy","Athletics","20","60","4","14","8","0","10.0 %","26.7 %",".321",".273",".245",".333",".566",".370","135","0.6","3.3","1.2","0.6","19352"
"Kurt Suzuki","Nationals","85","309","17","37","63","0","6.5 %","11.7 %",".221",".248",".264",".324",".486",".337","105","-0.5","1.4","-4.9","0.6","8259"
"Jordy Mercer","Tigers","74","271","9","24","22","0","4.8 %","21.0 %",".168",".316",".270",".310",".438",".314","94","0.3","-1.9","-1.2","0.6","6547"
"Jacob deGrom","Mets","33","70","2","4","6","0","5.7 %","27.1 %",".123",".250",".200",".246",".323",".245","52","0.0","-4.5","8.6","0.6","10954"
"Phillip Ervin","Reds","94","260","7","30","23","4","6.9 %","24.2 %",".195",".339",".271",".331",".466",".334","102","0.4","1.2","-3.4","0.6","14738"
"Ehire Adrianza","Twins","84","236","5","34","22","0","8.5 %","16.9 %",".144",".311",".272",".349",".416",".326","102","0.0","0.5","-2.7","0.6","8418"
"Terrance Gore","Royals","37","58","0","13","1","13","10.3 %","31.0 %",".078",".424",".275",".362",".353",".317","95","1.6","1.2","2.9","0.6","13658"
"Ryan McMahon","Rockies","141","539","24","70","83","5","10.4 %","29.7 %",".200",".323",".250",".329",".450",".330","88","0.1","-8.7","-2.6","0.6","15112"
"Matt Beaty","Dodgers","99","268","9","36","46","5","6.3 %","12.3 %",".193",".275",".265",".317",".458",".324","102","0.1","0.8","-3.4","0.6","17710"
"Jay Bruce","- - -","98","333","26","43","59","1","5.7 %","24.6 %",".306",".200",".216",".261",".523",".318","98","-0.4","-1.4","-3.9","0.6","9892"
"Trent Grisham","Brewers","51","183","6","24","24","1","10.9 %","26.2 %",".179",".286",".231",".328",".410",".316","92","0.7","-1.3","1.3","0.6","18564"
"Zack Wheeler","Mets","31","64","1","5","6","0","3.1 %","29.7 %",".088",".297",".211",".262",".298",".246","53","0.0","-4.0","7.9","0.6","10310"
"Renato Nunez","Orioles","151","599","31","72","90","1","7.3 %","23.9 %",".216",".272",".244",".311",".460",".323","99","0.3","-0.7","-14.7","0.6","14503"
"Joey Wendle","Rays","75","263","3","32","19","8","5.3 %","17.9 %",".109",".272",".231",".293",".340",".275","71","1.6","-8.0","4.5","0.6","13853"
"Stephen Piscotty","Athletics","93","393","13","46","44","2","7.4 %","21.4 %",".162",".289",".249",".309",".412",".306","93","0.7","-3.0","-5.2","0.6","13367"
"Sam Hilliard","Rockies","27","87","7","13","13","2","10.3 %","26.4 %",".377",".298",".273",".356",".649",".407","138","0.7","5.0","-2.2","0.6","17954"
"Randal Grichuk","Blue Jays","151","628","31","75","80","2","5.6 %","26.0 %",".225",".266",".232",".280",".457",".307","90","-3.8","-12.1","-4.5","0.5","10243"
"Addison Russell","Cubs","82","241","9","25","23","2","8.3 %","24.1 %",".153",".280",".237",".308",".391",".297","81","0.6","-5.6","3.3","0.5","14106"
"Wil Myers","Padres","155","490","18","58","53","16","10.4 %","34.3 %",".179",".344",".239",".321",".418",".316","96","-0.6","-3.3","-7.1","0.5","10047"
"Francisco Mejia","Padres","79","244","8","27","22","1","5.3 %","23.0 %",".173",".319",".265",".316",".438",".317","96","-1.2","-2.3","-0.1","0.5","16403"
"Pedro Severino","Orioles","96","341","13","37","44","3","8.5 %","21.4 %",".170",".285",".249",".321",".420",".316","94","-2.1","-4.7","-2.0","0.5","14523"
"Willie Calhoun","Rangers","83","337","21","51","48","0","6.8 %","15.7 %",".256",".262",".269",".323",".524",".351","110","-2.2","2.3","-9.0","0.5","17838"
"Kyle Tucker","Astros","22","72","4","15","11","5","5.6 %","27.8 %",".269",".326",".269",".319",".537",".349","122","0.7","2.7","-0.1","0.5","18345"
"Nomar Mazara","Rangers","116","469","19","69","66","4","6.0 %","23.0 %",".200",".312",".268",".318",".469",".327","94","-0.1","-3.6","-8.1","0.5","14553"
"Max Fried","Braves","40","65","0","11","4","0","7.7 %","24.6 %",".071",".275",".196",".262",".268",".236","40","0.0","-5.2","8.0","0.5","13743"
"Alex Dickerson","- - -","68","190","6","29","28","1","6.8 %","22.1 %",".213",".331",".276",".332",".489",".341","113","-0.7","2.5","-3.8","0.5","12649"
"Kyle Lewis","Mariners","18","75","6","10","13","0","4.0 %","38.7 %",".324",".351",".268",".293",".592",".357","127","0.8","3.4","-1.2","0.5","19508"
"Nathaniel Lowe","Rays","50","169","7","24","19","0","7.7 %","29.6 %",".191",".340",".263",".325",".454",".328","107","1.3","2.9","-4.1","0.5","19566"
"Kenta Maeda","Dodgers","41","61","0","3","6","0","0.0 %","21.3 %",".042",".343",".250",".250",".292",".232","42","0.0","-4.7","7.5","0.5","18498"
"Dee Gordon","Mariners","117","421","3","36","34","22","4.3 %","14.5 %",".084",".313",".275",".304",".359",".282","77","2.9","-9.6","-0.5","0.5","8203"
"Madison Bumgarner","Giants","37","76","2","4","4","0","11.8 %","52.6 %",".095",".286",".127",".236",".222",".213","29","0.0","-7.1","9.3","0.5","5524"
"Brandon Belt","Giants","156","616","17","76","57","4","13.5 %","20.6 %",".169",".275",".234",".339",".403",".319","99","-1.6","-2.5","-12.9","0.5","10264"
"Billy Hamilton","- - -","119","353","0","41","15","22","9.1 %","24.6 %",".057",".299",".218",".289",".275",".251","50","5.8","-16.9","9.2","0.4","10199"
"Tim Lopes","Mariners","41","128","1","11","12","6","11.7 %","22.7 %",".090",".354",".270",".359",".360",".318","101","0.7","0.8","-0.8","0.4","14137"
"Jon Lester","Cubs","32","53","1","6","6","0","9.4 %","37.7 %",".104",".296",".188",".264",".292",".246","47","0.0","-3.7","6.5","0.4","4930"
"Nick Solak","Rangers","33","135","5","19","17","2","11.1 %","21.5 %",".198",".354",".293",".393",".491",".375","126","-0.2","4.4","-4.7","0.4","19294"
"Edwin Rios","Dodgers","28","56","4","10","8","0","16.1 %","37.5 %",".340",".409",".277",".393",".617",".413","161","-0.4","4.1","-1.5","0.4","18316"
"Dylan Moore","Mariners","113","282","9","31","28","11","8.9 %","33.0 %",".182",".290",".206",".302",".389",".299","88","-0.7","-5.1","-0.6","0.4","18042"
"Vladimir Guerrero Jr.","Blue Jays","123","514","15","52","69","0","8.9 %","17.7 %",".162",".308",".272",".339",".433",".329","105","-6.6","-3.4","-10.6","0.4","19611"
"Steven Matz","Mets","36","61","1","4","1","0","0.0 %","27.9 %",".053",".308",".228",".228",".281",".217","34","0.0","-5.4","7.5","0.4","13361"
"Neil Walker","Marlins","115","381","8","37","38","3","11.0 %","20.2 %",".134",".316",".261",".344",".395",".319","99","-1.0","-1.3","-7.1","0.4","7539"
"Harold Ramirez","Marlins","119","446","11","54","50","2","4.0 %","20.4 %",".140",".328",".276",".312",".416",".308","92","0.5","-4.0","-6.5","0.4","14387"
"Brandon Crawford","Giants","147","560","11","58","59","3","9.5 %","20.9 %",".122",".274",".228",".304",".350",".281","74","-0.9","-20.2","5.9","0.4","5343"
"Sean Rodriguez","Phillies","76","139","4","24","12","1","13.7 %","29.5 %",".152",".309",".223",".348",".375",".319","94","-0.2","-1.3","0.6","0.4","6589"
"Kyle Higashioka","Yankees","18","57","3","8","11","0","0.0 %","45.6 %",".250",".321",".214",".211",".464",".270","65","0.7","-1.9","3.7","0.4","5517"
"Nick Markakis","Braves","116","469","9","61","62","2","10.0 %","12.6 %",".135",".310",".285",".356",".420",".332","102","-1.9","-0.4","-11.0","0.4","5930"
"Tim Beckham","Mariners","88","328","15","39","47","1","6.4 %","31.1 %",".224",".305",".237",".293",".461",".315","99","-2.4","-2.9","-4.9","0.4","7949"
"Rio Ruiz","Orioles","127","413","12","35","46","0","9.7 %","21.3 %",".143",".272",".232",".306",".376",".294","79","-3.2","-14.2","3.3","0.4","14103"
"Giancarlo Stanton","Yankees","18","72","3","8","13","0","16.7 %","33.3 %",".203",".424",".288",".403",".492",".379","139","-0.4","3.2","-2.1","0.4","4949"
"German Marquez","Rockies","29","58","0","5","11","0","0.0 %","24.1 %",".125",".324",".229",".229",".354",".242","30","0.0","-5.4","7.1","0.4","15038"
"Hyun-Jin Ryu","Dodgers","30","67","1","3","3","0","6.0 %","34.3 %",".078",".259",".157",".218",".235",".202","23","0.0","-6.9","8.2","0.3","14444"
"Cam Gallagher","Royals","45","142","3","14","12","0","7.7 %","19.7 %",".127",".281",".238",".312",".365",".294","79","-3.1","-6.9","5.3","0.3","12981"
"Tyler Wade","Yankees","43","108","2","16","11","7","10.2 %","25.9 %",".117",".328",".245",".330",".362",".303","88","2.5","0.8","-1.2","0.3","15730"
"Kyle Garlick","Dodgers","30","53","3","8","6","0","9.4 %","35.8 %",".271",".346",".250",".321",".521",".342","114","0.3","1.3","0.4","0.3","18063"
"Jose Martinez","Cardinals","128","373","10","45","42","3","9.4 %","22.0 %",".141",".328",".269",".340",".410",".323","101","-0.6","-0.3","-8.4","0.3","7996"
"Rougned Odor","Rangers","145","581","30","77","93","11","9.0 %","30.6 %",".234",".244",".205",".283",".439",".302","77","2.2","-14.9","-2.3","0.3","12282"
"Tyler Austin","- - -","89","179","9","30","24","2","13.4 %","37.4 %",".221",".253",".188",".296",".409",".298","85","3.3","-0.3","-2.4","0.3","11850"
"Mike Zunino","Rays","90","289","9","30","32","0","6.9 %","33.9 %",".147",".220",".165",".232",".312",".235","45","0.6","-19.8","12.7","0.3","13265"
"C.J. Cron","Twins","125","499","25","51","78","0","5.8 %","21.4 %",".216",".277",".253",".311",".469",".325","101","-5.6","-5.1","-9.5","0.3","12546"
"Tony Kemp","- - -","110","279","8","31","29","4","8.2 %","16.8 %",".167",".227",".212",".291",".380",".285","77","-1.3","-9.7","3.0","0.3","14894"
"Josh Phegley","Athletics","106","342","12","44","62","0","4.4 %","18.4 %",".172",".258",".239",".282",".411",".291","82","-4.0","-11.7","2.5","0.3","9308"
"Brett Phillips","Royals","30","79","2","7","6","3","12.7 %","29.1 %",".123",".167",".138",".247",".262",".228","34","1.1","-5.6","5.6","0.3","14735"
"Chad Wallach","Marlins","19","54","1","4","3","0","11.1 %","22.2 %",".125",".314",".250",".333",".375",".309","93","0.0","-0.5","1.6","0.3","17161"
"Charlie Culberson","Braves","108","144","5","14","20","0","4.2 %","30.6 %",".178",".345",".259",".294",".437",".306","85","0.0","-2.9","1.0","0.3","3298"
"Jeimer Candelario","Tigers","94","386","8","33","32","3","11.1 %","25.6 %",".134",".262",".203",".306",".337",".283","72","0.3","-13.4","2.5","0.3","13621"
"Jack Flaherty","Cardinals","38","66","0","4","4","1","3.0 %","25.8 %",".056",".263",".185",".211",".241",".195","17","-0.3","-7.5","8.1","0.3","17479"
"Abraham Toro","Astros","25","89","2","13","9","1","10.1 %","21.3 %",".167",".259",".218",".303",".385",".295","85","0.0","-1.7","1.3","0.3","19844"
"Guillermo Heredia","Rays","89","231","5","31","20","2","7.8 %","26.0 %",".137",".293",".225",".306",".363",".291","82","1.0","-4.2","-1.3","0.3","18721"
"Alex Blandino","Reds","23","50","1","6","3","0","20.0 %","28.0 %",".111",".348",".250",".420",".361",".352","114","0.3","1.2","-0.2","0.3","16271"
"Ryan McBroom","Royals","23","83","0","8","6","0","8.4 %","30.1 %",".067",".440",".293",".361",".360",".318","95","-0.4","-0.8","0.5","0.3","16524"
"Ben Zobrist","Cubs","47","176","1","24","17","0","13.1 %","13.6 %",".053",".299",".260",".358",".313",".303","85","-1.9","-5.5","2.4","0.2","7435"
"Stephen Strasburg","Nationals","34","80","1","4","10","0","3.8 %","31.3 %",".056",".239",".167",".200",".222",".186","5","0.0","-10.0","9.8","0.2","10131"
"Austin Riley","Braves","80","297","18","41","49","0","5.4 %","36.4 %",".245",".293",".226",".279",".471",".307","86","-1.1","-6.6","-0.6","0.2","18360"
"Andrew Knapp","Phillies","74","160","2","12","8","0","11.3 %","31.9 %",".110",".325",".213",".318",".324",".282","70","0.4","-5.9","3.0","0.2","14942"
"Josh VanMeter","Reds","95","260","8","33","23","9","11.2 %","21.5 %",".171",".279",".237",".327",".408",".316","91","-0.9","-4.2","-2.0","0.2","15170"
"Nico Hoerner","Cubs","20","82","3","13","17","0","3.7 %","13.4 %",".154",".292",".282",".305",".436",".305","86","0.4","-1.1","0.7","0.2","21479"
"Gavin Lux","Dodgers","23","82","2","12","9","2","8.5 %","29.3 %",".160",".327",".240",".305",".400",".301","87","1.1","-0.3","-0.1","0.2","19955"
"John Ryan Murphy","- - -","26","70","4","9","7","0","8.6 %","40.0 %",".238",".226",".175",".246",".413",".276","66","0.7","-2.5","2.4","0.2","10346"
"Luis Guillorme","Mets","45","70","1","8","3","0","10.0 %","20.0 %",".115",".304",".246",".324",".361",".299","87","0.2","-1.0","0.9","0.2","16451"
"Mauricio Dubon","- - -","30","111","4","12","9","3","4.5 %","18.0 %",".160",".305",".274",".306",".434",".312","95","0.3","-0.5","-0.9","0.2","16530"
"Ryan Goins","White Sox","52","163","2","13","10","0","10.4 %","27.0 %",".097",".347",".250",".333",".347",".298","86","-1.4","-4.4","0.8","0.2","9807"
"Ronny Rodriguez","Tigers","84","294","14","29","43","3","4.4 %","27.9 %",".217",".254",".221",".252",".438",".283","72","1.6","-8.9","0.6","0.2","11875"
"Joe Musgrove","Pirates","46","61","0","8","3","0","3.3 %","31.1 %",".078",".250",".157",".189",".235",".183","7","0.0","-7.5","7.5","0.2","12970"
"Justin Smoak","Blue Jays","121","500","22","54","61","0","15.8 %","21.2 %",".198",".223",".208",".342",".406",".323","101","-4.5","-3.9","-11.8","0.2","9054"
"Kevin Plawecki","Indians","60","174","3","13","17","0","6.9 %","17.8 %",".120",".256",".222",".287",".342",".273","63","-1.3","-9.6","5.4","0.2","13807"
"Logan Forsythe","Rangers","101","367","7","38","39","2","12.0 %","27.2 %",".126",".307",".227",".325",".353",".298","75","0.1","-11.7","0.7","0.2","7185"
"Joe Panik","- - -","142","491","5","50","39","4","8.8 %","9.6 %",".091",".262",".244",".315",".336",".284","76","-2.3","-17.8","3.8","0.2","11936"
"Thairo Estrada","Yankees","35","69","3","12","12","4","4.3 %","21.7 %",".188",".283",".250",".294",".438",".308","91","1.2","0.4","-0.9","0.2","16426"
"Adam Wainwright","Cardinals","31","59","0","6","2","0","3.4 %","33.9 %",".060",".258",".160",".189",".220",".177","5","0.0","-7.4","7.3","0.2","2233"
"Breyvic Valera","- - -","17","52","1","7","6","0","7.7 %","13.5 %",".149",".256",".234",".308",".383",".297","84","0.2","-0.9","0.8","0.2","12758"
"Roman Quinn","Phillies","44","122","4","18","11","8","9.8 %","27.9 %",".157",".271",".213",".298",".370",".289","75","2.2","-1.8","-0.8","0.1","13546"
"Kristopher Negron","- - -","40","82","2","12","8","1","6.1 %","31.7 %",".091",".347",".247",".293",".338",".269","67","1.7","-1.8","0.4","0.1","5306"
"Aaron Nola","Phillies","34","70","0","6","2","0","8.6 %","50.0 %",".034",".292",".119",".200",".153",".168","-4","0.0","-9.7","8.6","0.1","16149"
"Luis Urias","Padres","71","249","4","27","24","0","10.0 %","22.5 %",".102",".284",".223",".329",".326",".294","81","-2.0","-8.2","1.3","0.1","16622"
"Rowdy Tellez","Blue Jays","111","409","21","49","54","1","7.1 %","28.4 %",".222",".267",".227",".293",".449",".308","91","-1.6","-6.5","-6.8","0.1","15679"
"Francisco Cervelli","- - -","48","160","3","15","12","1","8.1 %","25.6 %",".135",".278",".213",".302",".348",".285","73","-1.9","-7.5","3.5","0.1","5275"
"Clint Frazier","Yankees","69","246","12","31","38","1","6.5 %","28.5 %",".222",".329",".267",".317",".489",".333","108","-1.2","1.3","-8.8","0.1","15983"
"Sheldon Neuse","Athletics","25","61","0","3","7","0","6.6 %","31.1 %",".054",".368",".250",".295",".304",".262","63","-0.3","-3.2","2.2","0.1","19635"
"Colin Moran","Pirates","149","503","13","46","80","0","6.0 %","23.3 %",".152",".341",".277",".322",".429",".315","94","-3.4","-7.4","-7.8","0.1","16909"
"Ryan Zimmerman","Nationals","52","190","6","20","27","0","8.9 %","20.5 %",".158",".297",".257",".321",".415",".313","89","0.7","-2.0","-3.1","0.1","4220"
"Kyle Hendricks","Cubs","31","64","0","1","5","0","3.1 %","45.3 %",".019",".320",".148",".193",".167",".165","-6","0.0","-9.0","7.9","0.1","12049"
"Sonny Gray","Reds","34","60","0","3","3","0","3.3 %","31.7 %",".043",".259",".152",".188",".196",".169","-5","0.0","-8.4","7.4","0.1","12768"
"Kevin Cron","Diamondbacks","39","78","6","12","16","0","5.1 %","35.9 %",".310",".237",".211",".269",".521",".321","96","-0.5","-0.9","-0.7","0.1","16211"
"Cory Spangenberg","Brewers","32","102","2","11","10","3","5.9 %","35.3 %",".126",".351",".232",".277",".358",".267","60","0.6","-4.8","2.4","0.1","12294"
"Matt Thaiss","Angels","53","164","8","17","23","0","10.4 %","31.7 %",".211",".264",".211",".293",".422",".303","89","-1.6","-3.8","-1.2","0.1","19318"
"Max Scherzer","Nationals","29","61","0","6","2","2","0.0 %","44.3 %",".000",".357",".182",".182",".182",".158","-13","0.4","-8.7","7.5","0.1","3137"
"Robel Garcia","Cubs","31","80","5","8","11","0","8.8 %","43.8 %",".292",".303",".208",".275",".500",".315","93","0.2","-0.6","-1.3","0.1","13167"
"Greg Allen","Indians","89","256","4","30","27","8","4.3 %","20.7 %",".117",".280",".229",".290",".346",".274","63","0.6","-11.4","3.0","0.1","16623"
"Michael Perez","Rays","22","55","0","6","2","0","14.5 %","34.5 %",".109",".370",".217",".345",".326",".303","91","-0.4","-1.1","-0.3","0.1","12977"
"Zach Davies","Brewers","35","55","0","3","3","0","1.8 %","45.5 %",".038",".296",".154",".170",".192",".157","-12","0.0","-8.1","6.8","0.0","13183"
"Tyler O'Neill","Cardinals","60","151","5","18","16","1","6.6 %","35.1 %",".149",".386",".262",".311",".411",".308","91","0.1","-1.7","-2.9","0.0","15711"
"Domingo Santana","Mariners","121","507","21","63","69","8","9.9 %","32.3 %",".188",".347",".253",".329",".441",".326","107","0.5","4.8","-22.4","0.0","10348"
"Mallex Smith","Mariners","134","566","6","70","37","46","7.4 %","24.9 %",".108",".302",".227",".300",".335",".278","74","8.5","-10.4","-9.3","0.0","13608"
"Cole Tucker","Pirates","56","159","2","16","13","0","6.3 %","25.2 %",".150",".276",".211",".266",".361",".264","61","0.9","-7.3","2.5","0.0","17326"
"Jake Arrieta","Phillies","24","50","0","2","4","0","2.0 %","38.0 %",".022",".269",".156",".174",".178",".155","-13","0.0","-7.5","6.1","0.0","4153"
"Noah Syndergaard","Mets","32","69","2","6","2","0","4.3 %","68.1 %",".108",".250",".092",".132",".200",".144","-14","0.0","-10.4","8.5","0.0","11762"
"Josh Rojas","Diamondbacks","41","157","2","17","16","4","11.5 %","26.1 %",".094",".295",".217",".312",".312",".279","68","-0.8","-7.4","2.6","0.0","19734"
"Christian Arroyo","Rays","16","57","2","8","7","0","8.8 %","31.6 %",".160",".300",".220",".304",".380",".296","86","0.1","-1.0","-1.0","0.0","16434"
"Michael A. Taylor","Nationals","53","97","1","10","3","6","7.2 %","35.1 %",".114",".396",".250",".305",".364",".289","73","1.6","-1.9","-1.2","0.0","11489"
"Ty France","Padres","69","201","7","20","24","0","4.5 %","24.4 %",".168",".279",".234",".294",".402",".296","83","-3.5","-8.0","1.5","0.0","17982"
"Jake Lamb","Diamondbacks","78","226","6","26","30","1","14.2 %","24.3 %",".160",".234",".193",".323",".353",".297","80","1.5","-4.5","-2.8","0.0","13329"
"Billy McKinney","Blue Jays","84","276","12","37","28","0","6.9 %","26.4 %",".207",".250",".215",".274",".422",".291","79","-0.4","-7.6","-2.2","0.0","15654"
"Jose Osuna","Pirates","95","285","10","41","36","0","6.3 %","16.8 %",".192",".285",".264",".310",".456",".320","97","-1.3","-2.5","-6.8","0.0","12937"
"Zach Eflin","Phillies","32","52","0","3","2","0","0.0 %","51.9 %",".020",".348",".160",".160",".180",".146","-19","0.0","-8.2","6.4","0.0","13774"
"Derek Fisher","- - -","57","167","7","23","17","5","12.6 %","34.1 %",".185",".244",".185",".287",".370",".285","76","0.1","-5.1","-1.0","0.0","16192"
"Ildemaro Vargas","Diamondbacks","92","211","6","25","24","1","4.3 %","11.4 %",".144",".279",".269",".299",".413",".300","82","-0.5","-5.5","-1.5","0.0","13324"
"Kelvin Gutierrez","Royals","20","79","1","4","11","1","6.3 %","30.4 %",".096",".367",".260",".304",".356",".284","72","0.3","-2.6","-0.5","0.0","17468"
"Wilfredo Tovar","Angels","31","88","0","5","5","0","5.7 %","17.0 %",".060",".235",".193",".239",".253",".217","31","0.6","-7.2","3.5","-0.1","10416"
"JB Shuck","Pirates","27","57","0","4","2","1","14.0 %","17.5 %",".043",".270",".213",".339",".255",".279","70","0.2","-2.0","-0.4","-0.1","6677"
"Joey Rickard","- - -","68","189","3","14","10","4","9.5 %","26.5 %",".131",".304",".226",".312",".357",".290","78","0.6","-4.8","-2.3","-0.1","13277"
"Walker Buehler","Dodgers","30","66","1","5","2","0","6.1 %","50.0 %",".051",".160",".085",".143",".136",".130","-25","0.0","-10.9","8.1","-0.1","19374"
"Kyle Farmer","Reds","97","197","9","22","27","4","5.1 %","29.9 %",".180",".284",".230",".279",".410",".289","73","1.6","-5.5","-1.7","-0.1","14813"
"Erik Gonzalez","Pirates","53","156","1","15","6","4","5.8 %","23.7 %",".063",".333",".254",".301",".317",".262","59","-0.2","-8.6","2.7","-0.1","13369"
"Miles Mikolas","Cardinals","32","62","0","1","2","0","0.0 %","43.5 %",".017",".250",".136",".136",".153",".124","-30","0.0","-10.6","7.6","-0.1","9803"
"Brandon Dixon","Tigers","118","420","15","41","52","5","5.0 %","32.4 %",".187",".336",".248",".290",".435",".303","86","1.1","-6.4","-9.5","-0.1","15214"
"Gordon Beckham","Tigers","83","240","6","29","15","3","5.4 %","28.3 %",".157",".282",".215",".271",".372",".274","67","-0.1","-10.4","0.8","-0.1","9015"
"Nick Dini","Royals","20","64","2","11","6","0","6.3 %","28.1 %",".161",".243",".196",".270",".357",".269","62","-0.1","-3.2","-0.1","-0.1","18206"
"Jeff Samardzija","Giants","32","56","0","1","1","0","0.0 %","53.6 %",".040",".300",".120",".120",".160",".118","-32","0.0","-9.8","6.9","-0.1","3254"
"Michael Lorenzen","Reds","105","53","1","6","6","5","9.4 %","32.1 %",".104",".300",".208",".283",".313",".262","56","0.1","-3.0","0.2","-0.1","14843"
"Willi Castro","Tigers","30","110","1","10","8","0","5.5 %","30.9 %",".110",".333",".230",".284",".340",".270","63","-1.4","-6.5","1.5","-0.1","17338"
"Jonathan Davis","Blue Jays","37","95","2","8","6","3","5.3 %","25.3 %",".084",".224",".181",".266",".265",".240","45","1.1","-5.6","1.0","-0.1","15104"
"Jesus Aguilar","- - -","131","369","12","39","50","0","11.7 %","22.0 %",".153",".272",".236",".325",".389",".307","88","-1.9","-7.6","-5.9","-0.1","11342"
"Phil Gosselin","Phillies","44","68","0","5","7","0","4.4 %","23.5 %",".046",".347",".262",".294",".308",".263","58","0.6","-3.2","-0.3","-0.1","10953"
"Scott Heineman","Rangers","25","85","2","8","7","1","10.6 %","23.5 %",".160",".264",".213",".306",".373",".295","73","-1.2","-4.2","-0.1","-0.1","14453"
"Adam Jones","Diamondbacks","137","528","16","66","67","2","5.9 %","19.1 %",".155",".296",".260",".313",".414",".308","87","-2.0","-10.9","-7.5","-0.1","6368"
"Jace Peterson","Orioles","29","108","2","14","11","4","5.6 %","22.2 %",".110",".267",".220",".269",".330",".258","55","1.6","-4.7","-0.5","-0.1","12325"
"Matt Adams","Nationals","111","333","20","42","56","0","6.0 %","34.5 %",".239",".284",".226",".276",".465",".306","84","-1.2","-8.1","-4.1","-0.1","9393"
"Carlos Gomez","Mets","34","99","3","10","10","4","7.1 %","30.3 %",".140",".259",".198",".278",".337",".268","67","0.1","-4.2","-0.4","-0.1","4881"
"Rafael Ortega","Braves","34","96","2","7","10","3","8.3 %","22.9 %",".102",".250",".205",".271",".307",".254","51","1.2","-5.1","0.5","-0.1","10323"
"Ryon Healy","Mariners","47","187","7","24","26","0","7.0 %","21.4 %",".219",".262",".237",".289",".456",".308","94","-2.3","-3.7","-4.4","-0.1","15447"
"Gerardo Parra","- - -","119","301","9","38","48","8","6.3 %","19.6 %",".157",".264",".234",".293",".391",".288","74","-1.4","-11.7","0.4","-0.2","8553"
"Tim Federowicz","Rangers","29","83","4","6","7","1","6.0 %","37.3 %",".187",".200",".160",".213",".347",".236","33","0.2","-7.0","2.4","-0.2","8609"
"Jared Walsh","Angels","34","87","1","6","5","0","6.9 %","40.2 %",".127",".349",".203",".276",".329",".259","60","0.2","-4.3","-0.4","-0.2","18607"
"Josh Fuentes","Rockies","24","56","3","8","7","1","1.8 %","35.7 %",".182",".281",".218",".232",".400",".262","43","0.6","-3.6","0.1","-0.2","16885"
"Charlie Tilson","White Sox","54","157","1","16","12","4","6.4 %","24.2 %",".056",".305",".229",".293",".285",".256","57","3.2","-5.4","-1.9","-0.2","12983"
"LaMonte Wade","Twins","26","69","2","10","5","0","15.9 %","13.0 %",".179",".200",".196",".348",".375",".320","98","0.0","-0.2","-4.0","-0.2","18126"
"Josh Naylor","Padres","94","279","8","29","32","1","9.0 %","22.9 %",".154",".302",".249",".315",".403",".306","89","-0.1","-4.0","-6.8","-0.2","18839"
"Nick Martini","- - -","32","109","1","8","7","0","12.8 %","23.9 %",".097",".299",".226",".330",".323",".291","80","0.9","-1.9","-3.5","-0.2","12005"
"Daniel Murphy","Rockies","132","478","13","56","78","1","6.7 %","15.5 %",".174",".307",".279",".328",".452",".328","86","-0.8","-9.4","-7.9","-0.2","4316"
"Clayton Kershaw","Dodgers","29","65","0","1","1","0","1.5 %","24.6 %",".020",".152",".102",".120",".122",".108","-39","0.0","-12.0","8.0","-0.2","2036"
"Anthony Bemboom","- - -","25","56","1","2","4","0","1.8 %","37.5 %",".074",".188",".130",".145",".204",".149","-15","0.1","-8.1","4.3","-0.2","13854"
"Gregory Polanco","Pirates","42","167","6","23","17","3","7.2 %","29.3 %",".183",".316",".242",".301",".425",".305","87","0.2","-2.6","-4.8","-0.2","12907"
"Jose Trevino","Rangers","40","126","2","18","13","0","2.4 %","21.4 %",".125",".312",".258",".272",".383",".274","59","-3.7","-10.3","3.9","-0.2","16725"
"Wilmer Difo","Nationals","43","144","2","15","8","0","8.3 %","20.1 %",".061",".310",".252",".315",".313",".270","60","-0.3","-7.8","1.2","-0.2","14320"
"Jesus Sucre","Orioles","21","67","0","3","3","0","6.0 %","19.4 %",".032",".265",".210",".269",".242",".231","37","-0.4","-5.9","1.5","-0.2","5942"
"Chance Sisco","Orioles","59","198","8","29","20","0","11.1 %","30.8 %",".186",".276",".210",".333",".395",".319","96","-0.4","-1.5","-7.5","-0.2","15694"
"Mike Soroka","Braves","29","63","0","2","3","0","3.2 %","34.9 %",".000",".133",".077",".143",".077",".112","-41","0.0","-11.8","7.7","-0.2","18383"
"Jack Mayfield","Astros","26","65","2","8","5","0","1.5 %","24.6 %",".172",".174",".156",".169",".328",".204","23","0.6","-5.8","1.4","-0.2","15402"
"Justin Upton","Angels","63","256","12","34","40","1","12.5 %","30.5 %",".201",".261",".215",".309",".416",".307","92","-0.4","-3.0","-8.2","-0.2","5222"
"JaCoby Jones","Tigers","88","333","11","39","26","7","8.1 %","28.2 %",".195",".304",".235",".310",".430",".311","92","1.0","-2.6","-11.3","-0.2","14818"
"Ian Kinsler","Padres","87","281","9","28","22","2","6.8 %","19.2 %",".151",".240",".217",".278",".368",".277","70","-3.2","-14.3","3.1","-0.2","6195"
"Sandy Alcantara","Marlins","32","63","0","2","4","0","1.6 %","73.0 %",".017",".417",".086",".117",".103",".102","-43","0.0","-11.9","7.7","-0.2","18684"
"Andrew Knizner","Cardinals","18","58","2","7","7","2","6.9 %","24.1 %",".151",".270",".226",".293",".377",".289","78","-0.2","-1.9","-2.1","-0.2","19514"
"Yairo Munoz","Cardinals","88","181","2","20","13","8","3.9 %","20.4 %",".087",".328",".267",".298",".355",".281","73","-0.2","-6.7","-1.4","-0.2","16313"
"Richard Urena","Blue Jays","30","80","0","4","4","0","2.5 %","28.8 %",".081",".353",".243",".273",".324",".258","57","-0.7","-5.2","0.1","-0.2","16411"
"Hanley Ramirez","Indians","16","57","2","4","8","0","14.0 %","29.8 %",".143",".233",".184",".298",".327",".278","66","-0.1","-2.6","-1.6","-0.2","8001"
"Kevan Smith","Angels","67","211","5","21","20","2","7.6 %","17.5 %",".141",".287",".251",".318",".393",".305","91","-1.8","-4.2","-5.5","-0.2","12284"
"Garrett Hampson","Rockies","105","327","8","40","27","15","7.3 %","26.9 %",".137",".322",".247",".302",".385",".292","63","4.2","-11.8","-1.0","-0.2","19262"
"Nicky Lopez","Royals","103","402","2","44","30","1","4.5 %","12.7 %",".084",".273",".240",".276",".325",".260","56","-0.6","-23.3","6.9","-0.2","19339"
"Ryan Cordell","White Sox","97","247","7","22","24","3","7.7 %","27.9 %",".134",".287",".221",".290",".355",".279","73","0.1","-8.4","-2.6","-0.2","15181"
"Yu-Cheng Chang","Indians","28","84","1","8","6","0","13.1 %","26.2 %",".096",".240",".178",".286",".274",".254","50","-1.3","-6.8","1.5","-0.2","14773"
"Patrick Corbin","Nationals","33","72","0","3","4","0","4.2 %","37.5 %",".015",".158",".092",".132",".108",".112","-43","0.0","-13.6","8.8","-0.2","9323"
"Sandy Leon","Red Sox","65","191","5","14","19","0","6.8 %","24.6 %",".105",".231",".192",".251",".297",".239","40","-0.2","-14.9","5.8","-0.2","5273"
"Hernan Perez","Brewers","91","246","8","29","18","5","4.5 %","26.8 %",".151",".283",".228",".262",".379",".271","62","-1.8","-14.1","3.7","-0.2","5751"
"Anibal Sanchez","Nationals","30","56","0","1","1","0","0.0 %","42.9 %",".000",".214",".115",".115",".115",".100","-50","0.0","-11.1","6.9","-0.2","3284"
"Willians Astudillo","Twins","58","204","4","28","21","0","2.5 %","3.9 %",".111",".258",".268",".299",".379",".288","76","-2.4","-8.6","-1.0","-0.2","15608"
"Julio Teheran","Braves","35","60","0","1","4","0","0.0 %","40.0 %",".018",".188",".109",".107",".127",".099","-50","0.0","-11.9","7.4","-0.3","6797"
"Harold Castro","Tigers","97","369","5","30","38","4","2.4 %","23.3 %",".093",".367",".291",".305",".384",".292","79","0.8","-9.3","-6.4","-0.3","14691"
"Yu Darvish","Cubs","31","62","0","1","3","0","3.2 %","50.0 %",".000",".192",".089",".119",".089",".097","-50","0.0","-12.3","7.6","-0.3","13074"
"Nick Hundley","Athletics","31","73","2","5","5","0","2.7 %","24.7 %",".157",".240",".200",".233",".357",".248","53","-2.2","-6.5","1.3","-0.3","3376"
"Anthony DeSclafani","Reds","31","57","0","0","1","0","0.0 %","49.1 %",".000",".222",".109",".109",".109",".095","-54","0.0","-11.6","7.0","-0.3","13050"
"D.J. Stewart","Orioles","44","142","4","15","15","1","9.9 %","18.3 %",".143",".268",".238",".317",".381",".299","82","-1.0","-4.2","-3.6","-0.3","17766"
"Matt Wieters","Cardinals","67","183","11","15","27","1","6.6 %","25.7 %",".220",".223",".214",".268",".435",".292","81","-0.8","-5.5","-3.2","-0.3","4298"
"Chris Herrmann","Athletics","30","94","1","9","8","0","9.6 %","30.9 %",".071",".296",".202",".280",".274",".248","54","-0.3","-5.9","-0.3","-0.3","9284"
"Austin Allen","Padres","34","71","0","4","3","0","8.5 %","29.6 %",".062",".318",".215",".282",".277",".230","39","-0.2","-5.9","0.7","-0.3","18083"
"Pat Valaika","Rockies","40","86","1","11","4","0","8.1 %","39.5 %",".127",".318",".190",".256",".316",".248","34","0.4","-7.1","1.2","-0.3","14885"
"Matt Duffy","Rays","46","169","1","12","12","0","11.2 %","17.2 %",".075",".305",".252",".343",".327",".299","88","-2.0","-4.6","-4.4","-0.3","13836"
"Austin Wynns","Orioles","28","74","1","8","5","0","4.1 %","18.9 %",".057",".255",".214",".247",".271",".226","34","0.4","-5.9","0.2","-0.3","15271"
"Ian Desmond","Rockies","140","482","20","64","65","3","7.1 %","24.7 %",".223",".304",".255",".310",".479",".328","86","-1.7","-10.4","-8.3","-0.3","6885"
"Yangervis Solarte","Giants","28","78","1","9","7","0","5.1 %","20.5 %",".110",".250",".205",".247",".315",".236","44","-0.2","-5.9","0.3","-0.3","5352"
"Dakota Hudson","Cardinals","33","59","0","1","2","0","0.0 %","40.7 %",".000",".148",".078",".096",".078",".081","-58","0.0","-12.3","7.3","-0.3","19206"
"Daniel Robertson","Rays","74","237","2","23","19","2","10.1 %","24.9 %",".082",".288",".213",".312",".295",".275","71","-2.9","-11.6","0.0","-0.3","14145"
"Max Stassi","- - -","51","147","1","7","5","0","8.2 %","33.3 %",".030",".202",".136",".211",".167",".177","5","-1.4","-19.2","10.8","-0.3","10059"
"Jose Quintana","Cubs","32","63","0","2","3","0","0.0 %","42.9 %",".019",".185",".093",".093",".111",".087","-57","0.0","-13.1","7.7","-0.3","11423"
"Ronald Guzman","Rangers","87","295","10","34","36","1","10.8 %","29.5 %",".195",".282",".219",".308",".414",".306","80","-4.1","-11.7","-2.1","-0.3","14388"
"Zack Collins","White Sox","27","102","3","10","12","0","13.7 %","38.2 %",".163",".295",".186",".307",".349",".285","77","-0.4","-3.3","-3.7","-0.3","19181"
"Bryan Holaday","Marlins","43","129","4","12","12","0","8.5 %","16.3 %",".157",".308",".278",".344",".435",".326","104","-3.6","-2.9","-4.7","-0.3","11287"
"Miguel Cabrera","Tigers","136","549","12","41","59","0","8.7 %","19.7 %",".116",".336",".282",".346",".398",".318","96","-6.3","-8.9","-13.9","-0.3","1744"
"Luke Maile","Blue Jays","45","129","2","9","9","1","6.2 %","25.6 %",".084",".190",".151",".205",".235",".194","14","1.4","-12.9","4.9","-0.3","13355"
"Luis Castillo","Reds","32","66","0","3","0","0","0.0 %","48.5 %",".016",".200",".097",".097",".113",".090","-58","0.0","-13.7","8.1","-0.3","15689"
"Joey Lucchesi","Padres","30","54","0","0","1","0","1.9 %","66.7 %",".000",".250",".063",".082",".063",".067","-67","0.0","-11.9","6.6","-0.3","19320"
"Erik Kratz","- - -","21","53","1","1","3","0","3.8 %","26.4 %",".102",".118",".102",".170",".204",".169","-1","-0.3","-7.2","1.8","-0.4","4403"
"Travis Demeritte","Tigers","48","186","3","24","10","3","7.5 %","33.9 %",".118",".337",".225",".286",".343",".272","65","1.2","-7.1","-3.2","-0.4","15958"
"Jake Bauers","Indians","117","423","12","46","43","3","10.6 %","27.2 %",".145",".290",".226",".312",".371",".296","78","1.0","-10.8","-8.0","-0.4","15194"
"Odubel Herrera","Phillies","39","139","1","12","16","2","7.9 %","23.7 %",".119",".290",".222",".288",".341",".272","64","0.5","-6.1","-2.1","-0.4","11476"
"Eric Hosmer","Padres","160","667","22","72","99","0","6.0 %","24.4 %",".160",".323",".265",".310",".425",".309","91","-5.2","-13.1","-12.4","-0.4","3516"
"Jon Gray","Rockies","27","59","0","1","1","0","5.1 %","37.3 %",".000",".120",".064",".120",".064",".094","-67","0.0","-13.0","7.3","-0.4","14916"
"Tyler Saladino","Brewers","28","71","2","7","8","2","7.0 %","36.6 %",".092",".162",".123",".197",".215",".187","7","0.7","-8.0","1.8","-0.4","10807"
"Albert Pujols","Angels","131","545","23","55","93","3","7.9 %","12.5 %",".185",".238",".244",".305",".430",".308","93","-4.4","-9.3","-13.9","-0.4","1177"
"Justin Bour","Angels","52","170","8","18","26","0","10.0 %","30.6 %",".192",".196",".172",".259",".364",".267","65","-1.3","-8.9","-1.1","-0.4","9744"
"Gorkys Hernandez","Red Sox","20","57","0","5","2","1","8.8 %","24.6 %",".102",".194",".143",".218",".245",".204","15","0.5","-5.7","-0.4","-0.4","4146"
"Orlando Arcia","Brewers","152","546","15","51","59","8","7.9 %","20.0 %",".128",".253",".223",".283",".350",".269","61","0.9","-27.3","5.4","-0.4","13185"
"Robbie Ray","Diamondbacks","34","60","0","1","3","0","0.0 %","46.7 %",".000",".148",".073",".073",".073",".063","-73","0.0","-13.7","7.4","-0.4","11486"
"Isaac Galloway","Marlins","19","54","0","6","1","2","0.0 %","31.5 %",".019",".243",".167",".167",".185",".151","-10","0.9","-7.0","0.8","-0.4","5238"
"Marco Hernandez","Red Sox","61","155","2","18","11","1","1.9 %","27.1 %",".088",".337",".250",".279",".338",".266","58","-1.3","-9.8","-0.2","-0.4","13154"
"Yadiel Rivera","Marlins","34","66","0","8","3","2","9.1 %","30.3 %",".033",".275",".183",".258",".217",".218","33","1.0","-4.8","-1.8","-0.4","11863"
"Kevin Kramer","Pirates","22","50","0","5","5","0","12.0 %","34.0 %",".024",".259",".167",".260",".190",".212","26","-0.2","-5.0","-1.3","-0.5","17689"
"Tomas Nido","Mets","50","144","4","9","14","0","4.9 %","25.7 %",".125",".232",".191",".231",".316",".227","40","-2.4","-13.8","4.4","-0.5","13755"
"Blake Swihart","- - -","43","99","4","13","13","0","6.1 %","36.4 %",".141",".212",".163",".222",".304",".228","34","0.4","-8.2","0.1","-0.5","13176"
"Bubba Starling","Royals","56","197","4","26","12","2","4.6 %","28.4 %",".102",".286",".215",".255",".317",".247","47","1.2","-12.1","0.2","-0.5","13356"
"Scooter Gennett","- - -","42","139","2","15","11","0","1.4 %","29.5 %",".098",".304",".226",".245",".323",".241","44","-0.1","-10.2","0.8","-0.5","10339"
"Maikel Franco","Phillies","123","428","17","48","56","0","8.4 %","14.3 %",".175",".236",".234",".297",".409",".281","70","-3.2","-20.3","1.5","-0.5","12179"
"Steven Duggar","Giants","73","281","4","26","28","1","5.7 %","27.8 %",".107",".313",".234",".278",".341",".265","64","-1.0","-14.4","0.3","-0.5","17719"
"Matt Skole","White Sox","27","80","0","7","6","0","8.8 %","38.8 %",".028",".357",".208",".275",".236",".232","41","0.2","-5.9","-2.1","-0.5","12119"
"Nicky Delmonico","White Sox","21","68","1","6","6","0","5.9 %","36.8 %",".079",".324",".206",".265",".286",".243","49","-0.3","-4.7","-2.8","-0.5","13157"
"Johan Camargo","Braves","98","248","7","31","32","1","6.0 %","17.3 %",".151",".258",".233",".279",".384",".279","67","0.5","-10.2","-3.2","-0.5","14950"
"Tony Wolters","Rockies","121","411","1","42","42","0","8.8 %","16.5 %",".067",".314",".262",".337",".329",".290","62","-1.5","-22.3","3.5","-0.5","11470"
"Chris Iannetta","Rockies","52","164","6","20","21","0","11.0 %","32.9 %",".194",".306",".222",".311",".417",".303","70","-2.2","-8.6","-2.2","-0.5","8267"
"Jonathan Lucroy","- - -","101","328","8","30","36","0","8.2 %","15.5 %",".123",".253",".232",".305",".355",".286","77","-5.8","-15.6","-1.3","-0.5","7870"
"Merrill Kelly","Diamondbacks","32","60","0","3","2","0","3.3 %","41.7 %",".000",".037",".019",".056",".019",".042","-87","0.0","-14.8","7.4","-0.5","11156"
"Pablo Reyes","Pirates","71","157","2","18","19","1","8.3 %","22.9 %",".119",".257",".203",".274",".322",".260","58","1.8","-7.0","-3.7","-0.5","16357"
"Mac Williamson","- - -","40","144","4","13","17","2","9.7 %","30.6 %",".102",".200",".156",".250",".258",".230","42","-0.4","-11.4","0.9","-0.5","14158"
"Braden Bishop","Mariners","27","60","0","3","4","0","5.0 %","35.0 %",".000",".171",".107",".153",".107",".124","-30","0.0","-10.0","2.3","-0.5","17806"
"Franklin Barreto","Athletics","23","58","2","6","5","1","1.7 %","39.7 %",".140",".156",".123",".138",".263",".166","-2","0.8","-6.8","-0.9","-0.6","15519"
"Rosell Herrera","Marlins","63","119","2","10","11","4","9.2 %","22.7 %",".114",".250",".200",".288",".314",".263","63","1.1","-4.7","-4.9","-0.6","11611"
"Leonys Martin","Indians","65","264","9","32","19","4","8.0 %","29.5 %",".144",".255",".199",".276",".343",".269","60","0.6","-12.9","-2.3","-0.6","11846"
"Carlos Gonzalez","- - -","45","166","3","21","10","0","10.8 %","31.3 %",".083",".283",".200",".289",".283",".254","51","-0.9","-11.5","-0.3","-0.6","7287"
"Jose Peraza","Reds","141","403","6","37","33","7","4.2 %","14.4 %",".106",".268",".239",".285",".346",".272","62","-1.0","-21.2","2.1","-0.6","13593"
"Brandon Drury","Blue Jays","120","447","15","43","41","0","5.6 %","25.3 %",".163",".259",".218",".262",".380",".271","66","1.6","-18.1","-3.9","-0.6","11615"
"Jake Rogers","Tigers","35","128","4","11","8","0","10.2 %","39.8 %",".134",".175",".125",".222",".259",".216","27","-1.2","-13.2","2.5","-0.6","19452"
"Corban Joseph","- - -","28","68","1","5","7","0","4.4 %","17.6 %",".094",".173",".156",".191",".250",".189","14","-0.5","-8.2","-0.5","-0.6","5503"
"Yonathan Daza","Rockies","44","105","0","7","3","1","6.7 %","20.0 %",".031",".260",".206",".257",".237",".221","17","0.4","-11.1","1.3","-0.6","15794"
"Dawel Lugo","Tigers","77","288","6","28","26","0","2.8 %","20.5 %",".136",".288",".245",".271",".381",".272","65","-1.9","-14.8","-1.8","-0.6","14713"
"J.T. Riddle","Marlins","51","139","6","15","12","0","3.6 %","30.2 %",".182",".226",".189",".230",".371",".250","54","-0.2","-8.7","-2.2","-0.6","17642"
"Josh Harrison","Tigers","36","147","1","10","8","4","4.1 %","18.4 %",".088",".207",".175",".218",".263",".208","22","-0.6","-15.3","3.6","-0.6","8202"
"Scott Schebler","Reds","30","95","2","11","7","0","14.7 %","28.4 %",".099",".154",".123",".253",".222",".223","30","-1.2","-10.0","0.3","-0.6","12225"
"Jose Rondon","- - -","56","157","3","10","9","0","7.0 %","24.2 %",".084",".245",".196",".263",".280",".241","47","-0.8","-11.4","-0.8","-0.6","14140"
"Brendan Rodgers","Rockies","25","81","0","8","7","0","4.9 %","33.3 %",".026",".347",".224",".272",".250",".234","25","0.5","-7.6","-1.7","-0.6","17907"
"Steve Wilkerson","Orioles","119","361","10","41","35","3","6.1 %","29.9 %",".158",".300",".225",".286",".383",".286","74","-0.1","-12.3","-7.1","-0.6","16041"
"Jedd Gyorko","- - -","62","101","2","6","9","2","8.9 %","23.8 %",".076",".212",".174",".248",".250",".224","36","-0.5","-9.1","-1.0","-0.7","10816"
"Humberto Arteaga","Royals","41","135","0","11","4","1","5.9 %","20.7 %",".033",".255",".197",".258",".230",".221","30","0.6","-11.5","-0.3","-0.7","13595"
"Melky Cabrera","Pirates","133","397","7","43","47","2","4.3 %","10.3 %",".119",".300",".280",".313",".399",".301","85","-1.9","-9.9","-10.5","-0.7","4022"
"Albert Almora Jr.","Cubs","130","363","12","41","32","2","4.4 %","17.1 %",".145",".255",".236",".271",".381",".271","64","-0.7","-18.1","-1.1","-0.7","14109"
"Tyler White","- - -","83","279","3","18","23","0","12.9 %","28.0 %",".096",".290",".208",".308",".304",".274","71","-1.3","-11.8","-5.5","-0.7","15564"
"Austin Dean","Marlins","64","189","6","17","21","0","4.8 %","24.9 %",".180",".270",".225",".261",".404",".276","71","-0.3","-7.6","-6.1","-0.7","18288"
"Cedric Mullins II","Orioles","22","74","0","7","4","1","5.4 %","18.9 %",".063",".118",".094",".181",".156",".159","-12","0.5","-10.1","-0.2","-0.8","17929"
"Chris Owings","- - -","67","196","3","13","14","5","7.1 %","39.8 %",".094",".222",".139",".209",".233",".198","13","0.8","-20.9","6.1","-0.8","10030"
"Juan Lagares","Mets","133","285","5","38","27","4","7.7 %","26.3 %",".112",".279",".213",".279",".326",".258","60","-0.5","-15.5","-1.7","-0.8","5384"
"Keon Broxton","- - -","100","228","6","24","16","10","8.8 %","45.6 %",".108",".292",".167",".242",".275",".229","38","0.0","-18.2","2.3","-0.8","9253"
"Dwight Smith Jr.","Orioles","101","392","13","46","53","5","6.6 %","20.9 %",".171",".274",".241",".297",".412",".299","83","-0.8","-9.4","-12.5","-0.8","13473"
"Mark Reynolds","Rockies","78","162","4","13","20","2","13.6 %","35.2 %",".141",".247",".170",".290",".311",".267","47","-0.9","-12.2","-1.2","-0.8","7619"
"Matt Kemp","Reds","20","62","1","4","5","0","1.6 %","30.6 %",".083",".268",".200",".210",".283",".208","20","-0.3","-6.9","-3.3","-0.8","5631"
"Kendrys Morales","- - -","53","201","2","16","12","0","12.9 %","12.9 %",".059",".217",".194",".313",".253",".264","63","-1.8","-11.4","-4.0","-0.8","8610"
"Travis Shaw","Brewers","86","270","7","22","16","0","13.3 %","33.0 %",".113",".216",".157",".281",".270",".248","47","-0.4","-19.2","2.1","-0.8","11982"
"Daniel Descalso","Cubs","82","194","2","20","15","2","11.9 %","29.4 %",".077",".245",".173",".271",".250",".238","42","-0.7","-15.6","0.9","-0.8","8392"
"Cheslor Cuthbert","Royals","87","330","9","24","40","1","5.8 %","20.3 %",".133",".288",".246",".294",".379",".287","74","-2.5","-13.3","-7.1","-0.8","10473"
"Sam Travis","Red Sox","59","157","6","17","16","2","7.0 %","22.9 %",".167",".243",".215",".274",".382",".273","62","-2.1","-9.6","-4.9","-0.9","16263"
"Jon Jay","White Sox","47","182","0","12","9","0","4.4 %","16.5 %",".048",".324",".267",".311",".315",".275","70","0.4","-6.5","-9.0","-0.9","5227"
"Grayson Greiner","Tigers","58","224","5","18","19","0","5.8 %","31.3 %",".106",".276",".202",".251",".308",".242","45","-0.4","-16.3","-1.0","-0.9","17062"
"Steve Pearce","Red Sox","29","99","1","9","9","0","7.1 %","31.3 %",".079",".259",".180",".245",".258",".224","29","-0.8","-9.8","-3.0","-0.9","9957"
"Jung Ho Kang","Pirates","65","185","10","15","24","0","5.9 %","32.4 %",".227",".184",".169",".222",".395",".256","55","-0.8","-11.7","-3.7","-0.9","17182"
"Zack Cozart","Angels","38","107","0","4","7","0","4.7 %","15.0 %",".021",".143",".124",".178",".144",".150","-14","0.2","-15.5","2.2","-0.9","2616"
"Raimel Tapia","Rockies","138","447","9","54","44","9","4.7 %","22.4 %",".141",".341",".275",".309",".415",".307","73","-0.2","-16.4","-7.6","-0.9","14350"
"Aaron Altherr","- - -","49","66","1","8","3","0","4.5 %","37.9 %",".082",".111",".082",".136",".164",".135","-23","0.1","-10.6","-1.0","-0.9","11270"
"Meibrys Viloria","Royals","42","148","1","7","15","0","6.8 %","29.7 %",".075",".293",".211",".259",".286",".236","40","-1.9","-13.2","-1.6","-0.9","17109"
"Nick Williams","Phillies","67","112","2","9","5","0","3.6 %","38.4 %",".094",".230",".151",".196",".245",".193","12","0.6","-12.4","-0.8","-0.9","14330"
"Khris Davis","Athletics","133","533","23","61","73","0","8.8 %","27.4 %",".166",".264",".220",".293",".387",".289","81","-2.2","-15.2","-13.5","-1.0","9112"
"Lucas Duda","Royals","39","119","4","7","15","0","9.2 %","26.9 %",".152",".197",".171",".252",".324",".245","46","-1.8","-10.1","-4.0","-1.0","2502"
"Richie Martin Jr.","Orioles","120","309","6","29","23","10","4.5 %","26.9 %",".113",".272",".208",".260",".322",".252","50","-1.1","-20.7","-0.3","-1.0","17736"
"Eduardo Nunez","Red Sox","60","174","2","13","20","5","2.3 %","15.5 %",".078",".257",".228",".243",".305",".233","35","-1.0","-15.4","-1.1","-1.0","6848"
"Welington Castillo","White Sox","72","251","12","19","41","0","6.4 %","29.5 %",".209",".247",".209",".267",".417",".287","78","-4.8","-11.8","-7.4","-1.0","3256"
"Ryan O'Hearn","Royals","105","370","14","32","38","0","10.5 %","26.8 %",".174",".230",".195",".281",".369",".278","69","-1.2","-16.1","-7.3","-1.0","16442"
"Isiah Kiner-Falefa","Rangers","65","222","1","23","21","3","6.3 %","22.1 %",".084",".307",".238",".299",".322",".272","57","0.5","-11.7","-6.7","-1.0","16512"
"John Hicks","Tigers","95","333","13","29","35","1","3.9 %","32.7 %",".169",".273",".210",".240",".379",".259","56","-3.8","-22.4","-1.3","-1.2","12547"
"Yonder Alonso","- - -","121","335","10","34","37","0","11.6 %","20.9 %",".147",".224",".199",".296",".346",".277","67","-3.7","-18.0","-6.1","-1.2","2530"
"Martin Prado","Marlins","104","260","2","26","15","0","4.6 %","15.8 %",".061",".268",".233",".265",".294",".243","49","-2.3","-19.7","-1.2","-1.2","3312"
"Isan Diaz","Marlins","49","201","5","17","23","0","9.5 %","29.4 %",".134",".224",".173",".259",".307",".248","53","-2.9","-15.4","-4.0","-1.2","17922"
"Christin Stewart","Tigers","104","416","10","32","40","0","8.2 %","24.8 %",".154",".290",".233",".305",".388",".294","80","-3.1","-14.0","-13.6","-1.2","17714"
"Chris Davis","Orioles","105","352","12","26","36","0","11.1 %","39.5 %",".147",".270",".179",".276",".326",".263","58","0.1","-18.8","-7.3","-1.3","9272"
"Daniel Palka","White Sox","30","93","2","4","4","0","8.6 %","37.6 %",".071",".149",".107",".194",".179",".174","2","-0.5","-12.1","-5.0","-1.3","14897"
"Curtis Granderson","Marlins","138","363","12","44","34","0","11.3 %","27.0 %",".174",".220",".183",".281",".356",".275","71","-6.3","-20.4","-5.6","-1.4","4747"
"Elias Diaz","Pirates","101","332","2","31","28","0","6.9 %","16.9 %",".066",".286",".241",".296",".307",".265","61","-1.0","-17.9","-8.0","-1.5","11680"
"Lewis Brinson","Marlins","75","248","0","15","15","1","5.2 %","29.8 %",".049",".255",".173",".236",".221",".205","25","-1.2","-25.9","0.6","-1.7","14352"
"Jeff Mathis","Rangers","88","244","2","17","12","1","6.1 %","35.7 %",".066",".243",".158",".209",".224",".190","2","-0.7","-31.3","0.9","-2.1","3448"
