"","player_name","LVL","Framing Chances","CSAA","CSAA SD","Framing Runs","Runs SD","Blocking Chances","EPAA","Blocking Runs","Steal Attempts","SRAA","TRAA","THROWING_RUNS","YEAR","FRAA_ADJ","FRAA","batter"
"1","Adam Moore","mlb","59","-0.008","0.002","-0.1","0.0","11","-0.008","0.0","","0.000","-0.000","0.0","2015","0.4","-0.0",446192
"2","Adam Moore","mlb","211","-0.010","0.004","-0.3","0.1","168","-0.002","0.1","4","-0.016","0.001","0.0","2016","-0.2","-0.2",446192
"3","Adam Moore","mlb","339","-0.026","0.004","-1.4","0.2","303","0.003","-0.2","10","0.004","0.006","-0.0","2018","-1.6","-1.7",446192
"4","Alberto Rosario","mlb","616","0.008","0.004","0.7","0.3","495","0.001","-0.1","14","0.023","0.004","-0.2","2016","0.3","0.8",451705
"5","Alex Avila","mlb","3,507","0.007","0.002","3.7","1.1","2301","-0.001","0.3","24","-0.001","-0.004","-0.0","2018","4.3","3.2",488671
"6","Alex Avila","mlb","3,234","-0.009","0.003","-4.2","1.4","2227","0.000","-0.0","29","0.032","0.002","-0.6","2016","-4.7","-5.7",488671
"7","Alex Avila","mlb","4,639","-0.013","0.001","-9.1","1.0","3105","-0.001","0.5","41","-0.008","-0.004","0.2","2017","-8.0","-1.0",488671
"8","Alex Avila","mlb","2,762","-0.016","0.003","-5.9","1.0","1679","0.003","-1.2","26","-0.009","0.001","0.1","2015","-7.0","-8.1",488671
"9","Alfredo Gonzalez","mlb","171","-0.010","0.004","-0.3","0.1","117","0.010","-0.3","3","0.001","0.004","-0.0","2018","-0.1","-0.6",554054
"10","Andrew Knapp","mlb","2,878","-0.008","0.002","-3.5","1.1","1993","0.001","-0.4","33","0.013","0.007","-0.3","2018","-4.3","-5.3",595284
"11","Andrew Knapp","mlb","3,432","-0.012","0.002","-6.1","1.3","2204","0.003","-1.6","37","0.049","0.006","-1.2","2017","-8.8","-10.2",595284
"12","Andrew Susac","mlb","125","-0.009","0.002","-0.2","0.0","77","0.009","-0.2","","0.000","0.000","0.0","2017","-0.4","-0.4",572180
"13","Andrew Susac","mlb","2,142","0.006","0.001","1.7","0.3","1357","-0.001","0.5","31","0.045","-0.000","-0.7","2015","2.1","2.5",572180
"14","Andrew Susac","mlb","457","-0.008","0.004","-0.5","0.3","354","-0.000","0.0","6","0.000","0.002","-0.0","2018","-0.8","-0.6",572180
"15","Andrew Susac","mlb","247","-0.023","0.006","-0.8","0.2","143","0.001","-0.0","3","-0.017","-0.000","0.0","2016","-0.3","-0.9",572180
"16","Anthony Recker","mlb","1,386","-0.016","0.004","-3.0","0.8","881","-0.003","0.6","9","0.030","-0.003","-0.1","2015","-2.6","-2.5",489232
"17","Anthony Recker","mlb","1,780","-0.024","0.003","-6.1","0.7","1210","-0.002","0.6","31","0.028","0.002","-0.5","2016","-6.0","-6.6",489232
"18","Anthony Recker","mlb","84","-0.007","0.005","-0.1","0.1","57","0.011","-0.2","1","0.017","-0.001","-0.0","2017","-0.3","-0.3",489232
"19","Aramis Garcia","mlb","377","0.008","0.003","0.4","0.1","222","-0.005","0.3","3","0.001","-0.001","-0.0","2018","0.7","0.0",605244
"20","Austin Barnes","mlb","2,931","0.033","0.002","14.8","0.8","1982","-0.003","1.6","28","0.028","-0.002","-0.5","2017","15.8","15.0",605131
"21","Austin Barnes","mlb","338","0.009","0.006","0.4","0.3","225","0.001","-0.0","2","0.019","-0.001","-0.0","2016","0.3","-0.0",605131
"22","Austin Barnes","mlb","575","0.012","0.005","0.9","0.4","355","-0.007","0.7","8","0.025","-0.000","-0.1","2015","2.2","1.5",605131
"23","Austin Barnes","mlb","2,837","0.019","0.003","8.3","1.5","1970","-0.002","1.0","18","0.004","-0.006","-0.1","2018","9.2","10.1",605131
"24","Austin Hedges","mlb","389","-0.005","0.004","-0.3","0.2","255","-0.004","0.2","4","-0.015","-0.002","0.0","2016","2.1","-0.0",595978
"25","Austin Hedges","mlb","2,709","0.026","0.003","9.3","1.0","1842","-0.002","1.2","42","-0.011","0.000","0.2","2015","10.6","10.4",595978
"26","Austin Hedges","mlb","5,355","0.016","0.002","13.0","1.8","3674","-0.000","0.1","51","0.010","-0.001","-0.4","2018","12.6","11.8",595978
"27","Austin Hedges","mlb","6,716","0.027","0.003","28.0","3.3","4537","-0.001","1.3","60","-0.055","-0.005","2.2","2017","30.3","34.1",595978
"28","Austin Romine","mlb","3,727","0.011","0.003","6.3","1.9","2605","0.000","-0.3","26","0.072","-0.001","-1.3","2017","4.3","5.2",519222
"29","Austin Romine","mlb","2,490","-0.005","0.002","-1.9","0.7","1776","0.000","-0.1","20","0.042","-0.004","-0.5","2016","-2.7","-3.4",519222
"30","Austin Romine","mlb","4,511","0.006","0.001","4.2","0.6","3274","-0.002","2.2","53","0.001","0.001","-0.0","2018","6.3","6.8",519222
"31","Austin Wynns","mlb","2,289","-0.006","0.002","-2.3","0.9","1575","-0.001","0.5","20","-0.004","0.000","0.1","2018","-1.8","-0.6",642851
"32","Beau Taylor","mlb","75","0.011","0.004","0.1","0.0","29","-0.006","0.0","2","-0.012","0.002","0.0","2018","0.7","0.2",607333
"33","Blake Swihart","mlb","5,191","-0.003","0.002","-1.9","1.3","3526","0.004","-3.7","42","-0.010","0.003","0.2","2015","-7.1","-5.2",596119
"34","Blake Swihart","mlb","1,209","0.004","0.002","0.7","0.5","862","-0.003","0.7","16","0.002","0.000","-0.0","2018","1.4","-0.3",596119
"35","Blake Swihart","mlb","448","-0.007","0.003","-0.4","0.2","305","0.010","-0.7","3","0.001","0.003","-0.0","2016","-1.1","-0.2",596119
"36","Blake Swihart","mlb","78","0.005","0.005","0.1","0.1","50","0.033","-0.5","1","0.015","0.002","-0.0","2017","-0.4","-0.4",596119
"37","Bobby Wilson","mlb","2,811","0.007","0.002","3.0","1.1","1967","-0.001","0.8","24","-0.002","-0.007","0.0","2018","3.7","4.1",435064
"38","Bobby Wilson","mlb","2,723","0.020","0.003","7.1","1.1","1775","-0.005","2.1","34","0.023","-0.000","-0.4","2015","8.9","8.3",435064
"39","Bobby Wilson","mlb","4,545","0.003","0.002","2.0","1.1","3087","-0.002","1.6","45","0.069","-0.007","-1.9","2016","1.3","-1.6",435064
"40","Brett Nicholas","mlb","1,038","-0.013","0.004","-2.1","0.7","658","-0.000","0.1","10","0.062","0.000","-0.4","2017","-2.7","-2.6",592592
"41","Brett Nicholas","mlb","788","-0.004","0.007","-0.4","0.8","491","0.010","-1.1","4","0.022","0.002","-0.1","2016","-0.5","-1.8",592592
"42","Bruce Maxwell","mlb","4,111","-0.002","0.005","-1.4","3.3","2629","0.003","-2.0","51","-0.013","0.004","0.5","2017","-2.9","-5.0",622194
"43","Bruce Maxwell","mlb","1,421","-0.001","0.004","-0.2","0.9","888","0.000","-0.1","5","0.042","-0.002","-0.1","2016","-0.5","-0.6",622194
"44","Bruce Maxwell","mlb","1,063","-0.011","0.006","-1.9","0.9","714","0.004","-0.7","17","-0.011","0.011","0.1","2018","-2.5","-1.9",622194
"45","Bryan Holaday","mlb","491","-0.018","0.004","-1.4","0.3","316","0.016","-1.4","1","0.018","0.000","-0.0","2017","-3.0","-2.9",592407
"46","Bryan Holaday","mlb","2,781","0.007","0.003","2.8","1.5","1867","-0.002","0.9","33","-0.018","0.006","0.4","2018","4.0","4.5",592407
"47","Bryan Holaday","mlb","2,290","-0.015","0.005","-4.8","1.5","1577","-0.001","0.5","18","-0.030","-0.002","0.4","2016","-4.4","-0.0",592407
"48","Bryan Holaday","mlb","1,028","-0.017","0.006","-2.3","0.8","702","-0.002","0.3","12","0.003","0.001","-0.0","2015","-1.3","-2.2",592407
"49","Buster Posey","mlb","5,892","0.005","0.004","4.8","3.3","3877","-0.000","0.2","51","-0.067","-0.004","2.3","2017","7.4","10.5",457763
"50","Buster Posey","mlb","6,228","0.018","0.002","15.0","1.6","3872","-0.002","2.0","55","-0.025","-0.002","0.9","2015","17.2","19.7",457763
"51","Buster Posey","mlb","7,643","0.027","0.002","28.9","2.0","4830","-0.002","2.0","67","-0.049","-0.005","2.2","2016","32.9","36.2",457763
"52","Buster Posey","mlb","5,604","0.001","0.002","0.9","2.0","3555","-0.001","0.7","52","-0.004","-0.004","0.1","2018","2.0","1.7",457763
"53","Caleb Joseph","mlb","2,706","0.020","0.002","7.8","0.8","1953","-0.003","1.3","31","-0.009","-0.001","0.2","2016","9.5","9.2",543376
"54","Caleb Joseph","mlb","5,327","-0.006","0.001","-4.6","1.2","3729","0.000","-0.4","50","-0.010","-0.004","0.3","2018","-5.0","-4.7",543376
"55","Caleb Joseph","mlb","5,862","0.015","0.003","12.1","2.1","3780","-0.000","0.4","46","-0.036","-0.004","1.1","2015","13.8","14.0",543376
"56","Caleb Joseph","mlb","4,629","0.025","0.004","17.3","2.9","3112","-0.004","3.7","50","0.043","-0.002","-1.5","2017","19.6","19.8",543376
"57","Cameron Rupp","mlb","4,795","-0.003","0.003","-2.0","1.8","3191","0.000","-0.1","48","-0.029","-0.001","0.8","2015","-1.6","-2.1",519237
"58","Cameron Rupp","mlb","6,693","-0.001","0.002","-1.0","1.9","4470","-0.001","0.6","53","0.026","0.004","-0.9","2016","-1.8","-1.0",519237
"59","Cameron Rupp","mlb","5,432","-0.016","0.002","-13.0","1.9","3704","0.000","-0.2","53","-0.004","-0.004","0.1","2017","-14.2","-11.5",519237
"60","Carlos Perez","mlb","4,729","0.004","0.002","2.4","1.6","3221","-0.000","0.1","61","-0.037","0.002","1.2","2015","2.6","5.2",542208
"61","Carlos Perez","mlb","4,981","-0.000","0.003","-0.3","1.9","3385","-0.002","1.3","50","-0.045","-0.003","1.5","2016","1.5","5.5",542208
"62","Carlos Perez","mlb","1,438","-0.015","0.002","-3.3","0.5","980","-0.000","0.0","12","-0.010","0.004","0.1","2018","-2.3","-2.8",542208
"63","Carlos Perez","mlb","337","0.008","0.006","0.4","0.3","265","0.004","-0.3","9","-0.016","0.006","0.1","2017","0.1","0.1",542208
"64","Carlos Ruiz","mlb","5,367","-0.020","0.004","-14.2","2.7","3885","0.000","-0.2","51","0.050","0.000","-1.3","2015","-15.6","-14.9",434563
"65","Carlos Ruiz","mlb","2,547","-0.020","0.001","-7.7","0.3","1685","-0.000","0.2","24","0.001","0.003","-0.0","2017","-7.4","-7.7",434563
"66","Carlos Ruiz","mlb","3,654","-0.011","0.004","-5.8","1.8","2587","-0.002","1.2","29","-0.035","-0.006","0.7","2016","-4.2","1.5",434563
"67","Carson Kelly","mlb","1,075","0.015","0.005","2.5","0.8","719","-0.002","0.4","10","-0.020","-0.005","0.1","2017","3.2","3.0",608348
"68","Carson Kelly","mlb","229","-0.006","0.006","-0.2","0.2","123","-0.006","0.2","","0.000","-0.003","0.0","2016","0.2","-0.1",608348
"69","Carson Kelly","mlb","769","-0.007","0.004","-0.8","0.4","470","0.002","-0.3","4","-0.002","0.000","0.0","2018","-1.1","-0.9",608348
"70","Chad Wallach","mlb","857","0.017","0.004","2.2","0.6","571","-0.002","0.3","7","-0.012","-0.003","0.1","2018","2.5","2.6",595453
"71","Chad Wallach","mlb","143","-0.007","0.001","-0.2","0.0","77","-0.010","0.2","1","0.014","-0.001","-0.0","2017","0.0","0.1",595453
"72","Chance Sisco","mlb","283","-0.013","0.004","-0.6","0.2","180","0.004","-0.2","4","0.034","0.002","-0.1","2017","-1.1","-0.7",642082
"73","Chance Sisco","mlb","2,717","-0.005","0.003","-2.2","1.1","2007","-0.001","0.3","33","0.002","0.002","-0.1","2018","-2.1","-2.7",642082
"74","Chris Gimenez","mlb","2,782","-0.003","0.003","-1.3","1.3","1761","-0.001","0.3","19","0.015","0.000","-0.2","2016","-0.7","-0.7",460269
"75","Chris Gimenez","mlb","3,661","0.009","0.003","5.3","1.6","2399","-0.000","0.2","37","-0.025","0.003","0.6","2017","6.1","5.1",460269
"76","Chris Gimenez","mlb","1,006","0.012","0.003","1.8","0.4","748","-0.002","0.5","11","-0.007","0.002","0.1","2018","2.8","1.9",460269
"77","Chris Gimenez","mlb","1,956","0.006","0.003","1.6","0.9","1289","0.001","-0.4","17","0.062","0.003","-0.6","2015","1.8","0.9",460269
"78","Chris Herrmann","mlb","1,240","0.003","0.002","0.5","0.4","755","-0.001","0.1","14","-0.002","-0.002","0.0","2018","0.7","0.2",543302
"79","Chris Herrmann","mlb","1,882","-0.013","0.005","-3.3","1.3","1218","0.002","-0.6","17","-0.027","-0.001","0.3","2015","-4.0","-4.1",543302
"80","Chris Herrmann","mlb","2,417","-0.008","0.003","-3.1","1.0","1585","0.001","-0.3","29","0.003","0.004","-0.1","2017","-3.9","-6.5",543302
"81","Chris Herrmann","mlb","1,968","-0.011","0.004","-3.1","1.1","1356","-0.000","0.1","18","-0.009","0.001","0.1","2016","-2.9","-3.1",543302
"82","Chris Iannetta","mlb","5,660","0.002","0.002","1.4","1.5","3656","-0.000","0.3","45","0.013","0.003","-0.4","2018","1.2","-0.4",455104
"83","Chris Iannetta","mlb","4,642","0.015","0.004","11.0","2.6","3196","0.001","-1.1","24","-0.012","-0.002","0.2","2017","10.0","11.2",455104
"84","Chris Iannetta","mlb","5,514","-0.013","0.003","-10.2","2.0","3709","0.002","-1.4","63","-0.020","0.003","0.8","2016","-11.1","-12.0",455104
"85","Chris Iannetta","mlb","5,262","0.023","0.002","16.4","1.5","3234","0.001","-0.7","50","0.027","-0.003","-0.6","2015","15.4","15.9",455104
"86","Chris Stewart","mlb","2,468","0.023","0.002","7.5","0.5","1609","0.001","-0.3","48","0.024","0.007","-0.6","2015","7.0","6.9",455755
"87","Chris Stewart","mlb","2,528","0.006","0.002","2.3","0.9","1776","-0.001","0.6","26","-0.004","-0.003","0.1","2017","2.6","3.3",455755
"88","Chris Stewart","mlb","1,807","-0.003","0.003","-0.8","0.7","1213","0.005","-1.5","11","0.007","-0.002","-0.0","2016","-2.6","-2.9",455755
"89","Chris Stewart","mlb","310","-0.008","0.002","-0.4","0.1","230","-0.000","0.0","5","0.003","0.004","-0.0","2018","-0.4","-0.4",455755
"90","Christian Bethancourt","mlb","2,385","0.001","0.003","0.2","0.9","1531","0.004","-1.5","19","-0.002","0.000","0.0","2016","-1.7","1.6",542194
"91","Christian Bethancourt","mlb","2,691","-0.008","0.004","-2.8","1.3","1713","0.001","-0.3","19","-0.037","-0.005","0.5","2015","-2.5","-0.8",542194
"92","Christian Vazquez","mlb","3,185","0.019","0.002","8.6","0.9","2086","0.002","-0.8","22","0.011","-0.004","-0.1","2016","7.5","7.8",543877
"93","Christian Vazquez","mlb","4,670","0.013","0.002","9.0","1.4","3117","-0.000","0.1","32","-0.005","-0.003","0.1","2018","9.0","8.3",543877
"94","Christian Vazquez","mlb","5,935","0.017","0.002","15.5","1.8","4134","-0.001","1.0","41","-0.085","-0.004","2.4","2017","19.6","16.4",543877
"95","Dan Butler","mlb","144","-0.009","0.001","-0.2","0.0","116","-0.003","0.1","5","-0.013","0.004","0.0","2018","-0.1","-0.1",576788
"96","Danny Jansen","mlb","1,548","0.002","0.002","0.6","0.5","1151","-0.002","0.7","27","0.009","0.002","-0.2","2018","1.8","1.0",643376
"97","David Freitas","mlb","309","0.007","0.008","0.3","0.4","192","-0.001","0.0","2","-0.001","-0.002","0.0","2017","0.3","0.4",571679
"98","David Freitas","mlb","1,823","0.001","0.002","0.3","0.6","1196","-0.003","0.8","17","0.006","0.001","-0.1","2018","1.0","1.0",571679
"99","Derek Norris","mlb","3,293","0.002","0.004","1.0","1.8","2327","0.003","-1.7","36","0.035","0.008","-0.9","2017","-1.9","-2.8",519083
"100","Derek Norris","mlb","7,454","0.011","0.002","11.7","2.2","5030","-0.000","0.2","84","0.067","-0.000","-3.5","2016","7.7","10.2",519083
"101","Derek Norris","mlb","7,514","0.015","0.002","15.0","2.1","5055","-0.001","1.7","111","-0.034","0.008","2.0","2015","18.3","16.6",519083
"102","Devin Mesoraco","mlb","340","-0.006","0.007","-0.3","0.3","194","0.005","-0.2","3","0.022","0.001","-0.0","2015","-0.6","-0.8",519023
"103","Devin Mesoraco","mlb","2,340","-0.015","0.003","-5.5","1.1","1422","-0.004","1.6","27","0.024","0.002","-0.4","2017","-4.9","-3.0",519023
"104","Devin Mesoraco","mlb","4,157","-0.012","0.002","-7.4","1.3","2718","-0.001","0.6","51","0.012","0.002","-0.4","2018","-7.4","-7.3",519023
"105","Devin Mesoraco","mlb","911","-0.010","0.003","-1.2","0.4","605","0.002","-0.2","10","0.008","0.002","-0.0","2016","-1.6","-1.8",519023
"106","Drew Butera","mlb","2,177","-0.008","0.001","-2.4","0.4","1473","-0.000","0.1","20","-0.016","-0.002","0.2","2015","-1.8","-1.6",460077
"107","Drew Butera","mlb","3,288","-0.008","0.001","-4.2","0.6","2336","-0.003","2.0","31","0.007","-0.005","-0.2","2017","-3.0","-3.5",460077
"108","Drew Butera","mlb","3,193","-0.015","0.001","-7.1","0.7","2231","0.000","-0.1","26","0.015","-0.000","-0.3","2018","-7.7","-6.9",460077
"109","Drew Butera","mlb","2,317","0.005","0.003","1.8","1.0","1701","0.001","-0.4","17","0.012","0.004","-0.1","2016","1.0","0.4",460077
"110","Dustin Garneau","mlb","1,209","-0.011","0.005","-1.8","0.8","765","0.001","-0.1","13","-0.008","0.001","0.1","2016","-1.6","-1.8",572863
"111","Dustin Garneau","mlb","69","-0.001","0.001","-0.0","0.0","62","-0.006","0.1","1","0.008","0.000","-0.0","2018","1.5","-0.3",572863
"112","Dustin Garneau","mlb","1,231","-0.024","0.005","-3.9","0.8","933","0.000","-0.0","9","-0.012","-0.004","0.1","2015","-3.7","-3.7",572863
"113","Dustin Garneau","mlb","2,228","-0.007","0.005","-2.3","1.8","1395","0.004","-1.6","12","-0.039","-0.000","0.3","2017","-4.1","-0.0",572863
"114","Eduardo Escobar","mlb","4","-0.000","0.000","-0.0","0.0","","0.000","0.0","","0.000","0.000","0.0","2017","-0.0","-5.9",500871
"115","Elias Diaz","mlb","50","0.004","0.005","0.0","0.0","31","-0.004","0.0","1","-0.013","0.002","0.0","2016","0.5","0.1",553869
"116","Elias Diaz","mlb","3,894","-0.002","0.002","-1.2","1.1","2705","0.003","-2.0","33","-0.004","0.002","0.1","2018","-3.2","0.5",553869
"117","Elias Diaz","mlb","3,047","-0.011","0.001","-5.1","0.4","2173","0.001","-0.7","23","-0.014","0.002","0.2","2017","-6.2","-3.8",553869
"118","Eric Fryer","mlb","458","0.005","0.002","0.3","0.1","339","-0.003","0.2","1","0.011","-0.002","0.0","2015","0.4","0.3",518700
"119","Eric Fryer","mlb","1,171","-0.003","0.002","-0.5","0.4","653","-0.001","0.2","8","-0.007","-0.001","0.0","2017","-0.4","-0.3",518700
"120","Eric Fryer","mlb","2,180","-0.007","0.003","-2.3","0.8","1457","0.003","-0.9","23","0.008","0.003","-0.1","2016","-2.6","0.1",518700
"121","Eric Haase","mlb","182","0.001","0.003","0.0","0.1","125","-0.005","0.2","5","-0.001","0.001","0.0","2018","0.2","0.2",606992
"122","Erik Kratz","mlb","3,569","0.018","0.002","9.9","1.3","2473","-0.002","1.3","37","0.003","0.002","-0.1","2018","11.1","10.4",456124
"123","Erik Kratz","mlb","236","-0.005","0.005","-0.2","0.2","142","-0.001","0.0","3","0.005","0.000","-0.0","2015","-0.2","0.6",456124
"124","Erik Kratz","mlb","1,553","0.004","0.004","0.8","0.8","1042","-0.000","0.0","15","-0.033","-0.001","0.3","2016","1.5","-0.2",456124
"125","Erik Kratz","mlb","26","-0.014","0.005","-0.1","0.0","21","-0.012","0.1","","0.000","-0.000","-0.0","2017","0.0","0.0",456124
"126","Evan Gattis","mlb","3,025","0.008","0.001","3.8","0.5","2124","0.001","-0.7","36","0.078","0.007","-1.9","2017","1.1","0.8",594828
"127","Evan Gattis","mlb","3,098","0.009","0.003","3.9","1.1","2110","0.009","-4.4","25","-0.080","0.010","1.3","2016","0.8","0.5",594828
"128","Evan Gattis","mlb","18","-0.001","0.001","-0.0","0.0","11","-0.002","0.0","","0.000","0.000","0.0","2018","0.0","0.0",594828
"129","Francisco Arcia","mlb","1,747","-0.011","0.001","-3.1","0.3","1211","0.004","-1.3","14","-0.004","-0.000","0.0","2018","-4.3","-4.6",516472
"130","Francisco Cervelli","mlb","5,825","-0.006","0.002","-5.8","1.9","3910","0.001","-1.1","51","-0.018","0.002","0.6","2018","-6.5","-4.0",465041
"131","Francisco Cervelli","mlb","5,904","0.016","0.002","13.0","1.4","4035","0.002","-1.9","70","0.055","-0.001","-2.4","2016","7.4","10.4",465041
"132","Francisco Cervelli","mlb","4,520","-0.009","0.002","-6.0","1.6","2999","-0.001","0.5","40","0.035","-0.003","-1.0","2017","-6.8","-5.6",465041
"133","Francisco Cervelli","mlb","7,595","0.021","0.002","21.6","1.6","5098","0.001","-1.1","116","0.041","0.006","-2.6","2015","17.1","22.0",465041
"134","Francisco Mejia","mlb","669","-0.007","0.003","-0.7","0.3","483","0.006","-0.8","4","-0.005","-0.002","0.0","2018","-0.7","-1.7",642336
"135","Francisco Mejia","mlb","16","0.002","0.001","0.0","0.0","8","-0.008","0.0","","0.000","-0.001","-0.0","2017","3.2","0.0",642336
"136","Francisco Pena","mlb","2,347","-0.011","0.002","-3.9","0.8","1576","0.003","-1.3","11","0.005","0.000","-0.0","2018","-5.2","-6.2",506747
"137","Francisco Pena","mlb","121","-0.006","0.004","-0.1","0.1","62","0.009","-0.1","","0.000","-0.001","0.0","2015","0.0","-0.3",506747
"138","Francisco Pena","mlb","199","0.007","0.003","0.2","0.1","171","-0.007","0.3","2","0.016","-0.000","-0.0","2017","0.5","0.5",506747
"139","Francisco Pena","mlb","710","-0.003","0.005","-0.3","0.5","513","-0.001","0.2","7","-0.037","-0.002","0.2","2016","-0.1","-0.0",506747
"140","Gary Sanchez","mlb","4,742","0.005","0.001","3.3","0.6","3369","0.005","-4.3","35","-0.007","0.008","0.2","2018","-0.9","-1.4",596142
"141","Gary Sanchez","mlb","6,095","0.008","0.003","7.4","2.5","4323","0.003","-3.1","56","-0.061","0.006","2.3","2017","7.2","5.4",596142
"142","Gary Sanchez","mlb","2,326","0.003","0.004","1.0","1.3","1521","0.004","-1.4","25","-0.076","0.009","1.2","2016","1.2","1.4",596142
"143","Geovany Soto","mlb","3,354","0.004","0.003","1.7","1.4","2259","-0.000","0.1","28","0.008","-0.003","-0.0","2015","1.7","0.5",434567
"144","Geovany Soto","mlb","1,331","0.003","0.003","0.5","0.6","858","0.001","-0.2","25","0.029","0.010","-0.5","2016","-0.5","-0.7",434567
"145","Geovany Soto","mlb","738","-0.025","0.003","-2.8","0.3","491","0.001","-0.2","9","0.044","0.001","-0.3","2017","-3.3","-3.3",434567
"146","Grayson Greiner","mlb","1,983","-0.002","0.004","-0.6","1.2","1312","0.001","-0.2","16","0.002","-0.002","-0.0","2018","-0.9","-0.5",606988
"147","Hector Sanchez","mlb","794","-0.027","0.002","-3.1","0.3","530","0.000","-0.0","3","0.001","-0.001","0.0","2016","-3.2","-0.1",516949
"148","Hector Sanchez","mlb","674","-0.008","0.004","-0.7","0.3","425","0.007","-0.8","7","0.021","0.002","-0.1","2015","-1.7","-1.7",516949
"149","Hector Sanchez","mlb","1,228","-0.014","0.003","-2.7","0.6","783","0.010","-2.1","13","0.018","0.002","-0.2","2017","-5.1","-5.7",516949
"150","Jacob Nottingham","mlb","410","-0.011","0.005","-0.7","0.3","264","-0.003","0.2","3","0.004","0.001","-0.0","2018","-0.5","-0.5",641924
"151","Jacob Stallings","mlb","287","-0.005","0.004","-0.2","0.2","216","-0.003","0.2","4","0.010","0.000","-0.0","2017","-1.1","-0.1",607732
"152","Jacob Stallings","mlb","238","-0.010","0.004","-0.3","0.2","188","-0.005","0.2","","0.000","0.000","0.0","2016","1.5","-0.2",607732
"153","Jacob Stallings","mlb","609","-0.007","0.005","-0.7","0.5","494","-0.004","0.5","6","0.003","-0.005","-0.0","2018","0.9","0.1",607732
"154","Jarrod Saltalamacchia","mlb","4,037","-0.011","0.002","-6.5","1.4","2654","-0.000","0.0","42","0.049","-0.003","-1.3","2016","-7.7","-8.8",457454
"155","Jarrod Saltalamacchia","mlb","420","-0.007","0.004","-0.4","0.3","321","0.003","-0.3","9","0.062","0.004","-0.4","2017","-1.1","-1.2",457454
"156","Jarrod Saltalamacchia","mlb","4","-0.003","0.001","-0.0","0.0","","0.000","0.0","","0.000","0.000","0.0","2018","1.0","-0.0",457454
"157","Jarrod Saltalamacchia","mlb","2,840","-0.016","0.003","-6.2","1.1","1923","-0.001","0.4","23","0.029","-0.002","-0.3","2015","-5.6","-6.4",457454
"158","Jason Castro","mlb","6,227","0.017","0.002","14.1","1.8","4119","0.002","-1.8","59","-0.033","0.005","1.0","2015","12.7","13.0",488771
"159","Jason Castro","mlb","1,174","0.008","0.002","1.4","0.3","953","-0.003","0.9","14","-0.006","-0.003","0.1","2018","2.2","2.5",488771
"160","Jason Castro","mlb","6,642","0.020","0.002","18.5","2.0","4615","0.000","-0.0","47","0.030","0.001","-0.9","2016","17.4","17.7",488771
"161","Jason Castro","mlb","6,406","0.009","0.002","8.3","1.9","4161","-0.000","0.3","49","0.005","-0.006","-0.2","2017","8.1","7.7",488771
"162","Jeff Mathis","mlb","1,814","0.017","0.002","4.1","0.5","1253","-0.002","0.6","11","-0.010","0.000","0.1","2015","4.4","5.4",425772
"163","Jeff Mathis","mlb","2,250","0.025","0.003","7.9","0.9","1508","-0.002","0.8","28","0.005","0.005","-0.1","2016","8.9","9.1",425772
"164","Jeff Mathis","mlb","3,713","0.021","0.003","11.8","1.9","2640","-0.003","2.3","22","-0.003","-0.003","0.0","2018","14.1","18.3",425772
"165","Jeff Mathis","mlb","3,248","0.018","0.002","8.9","1.0","2277","0.001","-0.7","27","-0.059","0.004","1.1","2017","8.9","10.2",425772
"166","Jesus Sucre","mlb","3,439","-0.009","0.002","-4.9","0.9","2278","-0.001","0.7","26","-0.003","-0.002","0.0","2018","-3.8","-4.2",491696
"167","Jesus Sucre","mlb","427","0.001","0.004","0.1","0.2","291","-0.001","0.1","4","0.035","-0.001","-0.1","2016","0.0","-0.0",491696
"168","Jesus Sucre","mlb","3,371","0.008","0.002","4.1","1.1","2242","-0.001","0.9","24","0.022","-0.002","-0.4","2017","5.7","3.1",491696
"169","Jesus Sucre","mlb","2,676","0.013","0.004","4.5","1.5","1878","-0.002","1.1","21","-0.055","0.000","0.6","2015","6.8","6.7",491696
"170","Jett Bandy","mlb","3,020","-0.005","0.003","-2.4","1.5","2042","0.001","-0.8","31","0.037","0.004","-0.8","2017","-4.6","-3.4",542908
"171","Jett Bandy","mlb","8","-0.000","0.001","-0.0","0.0","10","-0.020","0.1","","0.000","-0.000","0.0","2015","0.9","0.1",542908
"172","Jett Bandy","mlb","3,747","-0.002","0.003","-1.0","1.6","2550","-0.002","1.5","42","-0.072","-0.002","1.9","2016","1.7","2.7",542908
"173","Jett Bandy","mlb","1,318","-0.003","0.003","-0.6","0.6","767","0.003","-0.5","9","-0.010","0.000","0.1","2018","-1.2","-1.3",542908
"174","Joe Hudson","mlb","272","0.012","0.003","0.5","0.1","189","0.000","-0.0","","0.000","0.000","0.0","2018","0.5","0.6",621529
"175","Joe Mauer","mlb","1","-0.000","0.000","-0.0","0.0","","0.000","0.0","","0.000","0.000","0.0","2018","-0.0","2.1",408045
"176","John Hicks","mlb","657","-0.005","0.004","-0.5","0.3","466","0.000","-0.1","8","-0.034","0.000","0.1","2015","1.3","-0.5",543308
"177","John Hicks","mlb","876","0.007","0.001","0.9","0.1","621","0.000","-0.1","6","0.007","0.000","-0.0","2017","1.2","0.5",543308
"178","John Hicks","mlb","1,378","-0.004","0.004","-0.9","0.8","869","0.004","-0.9","18","0.011","0.004","-0.1","2018","-1.9","-2.0",543308
"179","John Ryan Murphy","mlb","3,267","0.019","0.002","9.3","1.2","2450","-0.001","0.3","27","0.004","-0.001","-0.1","2018","9.9","10.1",571974
"180","John Ryan Murphy","mlb","98","0.005","0.004","0.1","0.1","90","-0.005","0.1","","0.000","0.001","0.0","2017","0.2","0.2",571974
"181","Jonathan Lucroy","mlb","7,583","0.005","0.002","5.6","2.4","5277","-0.001","1.8","104","-0.067","0.006","4.4","2016","11.0","-2.1",518960
"182","Jonathan Lucroy","mlb","6,857","-0.017","0.002","-17.9","1.8","4631","0.002","-3.0","61","-0.017","0.004","0.7","2017","-21.0","-0.1",518960
"183","Jonathan Lucroy","mlb","7,161","-0.003","0.001","-3.7","1.1","4676","0.003","-3.7","85","-0.005","0.004","0.3","2018","-7.3","-9.6",518960
"184","Jonathan Lucroy","mlb","5,253","0.005","0.002","3.8","1.6","3514","-0.001","0.6","83","0.023","0.009","-1.0","2015","3.2","3.2",518960
"185","Jorge Alfaro","mlb","266","0.001","0.004","0.0","0.1","212","0.011","-0.6","1","-0.014","0.002","0.0","2016","-0.4","-0.6",595751
"186","Jorge Alfaro","mlb","6,302","0.013","0.002","12.3","1.6","4157","0.002","-2.4","67","0.000","0.007","-0.0","2018","10.2","12.2",595751
"187","Jorge Alfaro","mlb","1,847","-0.009","0.003","-2.6","0.9","1241","-0.000","0.2","14","0.006","-0.006","-0.1","2017","-2.9","-2.4",595751
"188","Jose Briceno","mlb","2,161","0.004","0.002","1.2","0.6","1469","0.002","-0.6","15","-0.000","0.003","0.0","2018","0.9","0.0",593993
"189","Jose Lobaton","mlb","2,947","0.000","0.003","0.1","1.4","1976","-0.002","1.0","38","0.043","0.003","-1.1","2017","-0.6","0.7",446653
"190","Jose Lobaton","mlb","2,001","0.009","0.003","2.7","0.9","1424","-0.001","0.3","19","-0.012","0.005","0.1","2016","3.0","1.8",446653
"191","Jose Lobaton","mlb","2,492","0.018","0.004","5.9","1.5","1705","0.000","-0.1","27","0.023","0.002","-0.3","2015","5.2","5.0",446653
"192","Jose Lobaton","mlb","995","-0.006","0.003","-0.9","0.4","661","-0.003","0.6","13","0.003","-0.001","-0.0","2018","-0.5","-0.6",446653
"193","Jose Trevino","mlb","126","-0.011","0.006","-0.2","0.1","60","0.014","-0.2","","0.000","0.002","0.0","2018","-0.6","-0.5",624431
"194","Josh Phegley","mlb","1,767","-0.003","0.003","-0.9","0.8","1095","0.005","-1.5","18","-0.000","0.004","0.0","2018","-2.3","-1.3",572033
"195","Josh Phegley","mlb","3,844","-0.006","0.002","-3.2","1.0","2530","0.002","-1.1","40","-0.042","-0.000","0.9","2015","-3.8","-4.3",572033
"196","Josh Phegley","mlb","2,910","0.008","0.002","3.4","0.7","2124","0.002","-1.0","34","-0.046","0.006","1.1","2017","2.7","3.2",572033
"197","Josh Phegley","mlb","1,480","-0.016","0.006","-3.4","1.3","1030","0.005","-1.1","9","0.046","0.000","-0.3","2016","-5.0","-4.6",572033
"198","Juan Centeno","mlb","1,087","-0.025","0.003","-4.2","0.4","787","0.004","-0.9","11","0.048","0.007","-0.4","2017","-5.7","-5.5",518542
"199","Juan Centeno","mlb","3,170","-0.020","0.002","-8.9","1.1","2174","0.005","-2.4","18","0.039","0.004","-0.5","2016","-12.3","-12.1",518542
"200","Juan Centeno","mlb","372","-0.018","0.004","-0.9","0.2","301","0.001","-0.1","3","0.017","-0.000","-0.0","2015","-0.6","-1.0",518542
"201","Juan Centeno","mlb","628","-0.002","0.006","-0.2","0.6","405","0.004","-0.4","","0.000","0.002","0.0","2018","-0.2","-0.7",518542
"202","Juan Graterol","mlb","1,701","0.011","0.001","2.9","0.2","1190","-0.007","2.3","26","-0.038","-0.002","0.7","2017","5.7","5.7",492802
"203","Juan Graterol","mlb","324","0.004","0.005","0.2","0.2","230","-0.009","0.5","5","0.019","-0.001","-0.1","2016","0.5","0.6",492802
"204","Juan Graterol","mlb","153","0.010","0.002","0.2","0.0","97","0.003","-0.1","1","-0.007","0.001","0.0","2018","1.1","0.1",492802
"205","Kevan Smith","mlb","155","-0.008","0.004","-0.2","0.1","85","-0.008","0.2","2","-0.005","-0.000","0.0","2016","-0.2","-0.1",607345
"206","Kevan Smith","mlb","4,964","0.002","0.002","1.6","1.5","3201","0.002","-1.6","51","0.113","0.005","-3.9","2017","-4.5","-6.2",607345
"207","Kevan Smith","mlb","3,125","0.003","0.003","1.5","1.4","2078","0.002","-0.9","40","0.012","0.006","-0.3","2018","0.7","0.1",607345
"208","Kevin Plawecki","mlb","2,420","0.021","0.004","7.1","1.2","1558","-0.003","0.9","34","0.011","-0.002","-0.2","2016","7.6","7.4",608700
"209","Kevin Plawecki","mlb","4,391","-0.007","0.002","-4.6","1.5","2795","-0.003","2.0","57","0.000","-0.001","-0.0","2018","-2.6","-2.1",608700
"210","Kevin Plawecki","mlb","3,965","0.025","0.003","13.3","1.8","2478","-0.001","0.6","39","0.018","-0.001","-0.3","2015","13.6","13.5",608700
"211","Kevin Plawecki","mlb","1,727","-0.012","0.002","-3.2","0.6","1252","-0.002","0.7","26","0.031","0.001","-0.6","2017","-3.3","-3.3",608700
"212","Kurt Suzuki","mlb","6,232","-0.005","0.003","-4.7","2.5","4245","-0.002","1.6","56","0.073","-0.005","-2.5","2016","-6.3","-6.2",435559
"213","Kurt Suzuki","mlb","7,759","-0.003","0.002","-2.8","1.6","4950","-0.001","1.4","83","0.086","-0.002","-3.6","2015","-5.9","-5.5",435559
"214","Kurt Suzuki","mlb","5,614","-0.009","0.003","-7.5","2.4","3793","-0.001","1.5","51","0.010","0.000","-0.4","2018","-6.6","-5.5",435559
"215","Kurt Suzuki","mlb","4,746","-0.001","0.002","-0.6","1.2","3241","-0.002","1.4","48","0.027","-0.002","-0.9","2017","-0.7","1.9",435559
"216","Kyle Farmer","mlb","37","0.004","0.002","0.0","0.0","37","-0.006","0.1","","0.000","-0.000","-0.0","2017","0.1","0.2",571657
"217","Kyle Farmer","mlb","17","0.002","0.002","0.0","0.0","13","-0.003","0.0","","0.000","0.001","0.0","2018","0.0","1.1",571657
"218","Kyle Higashioka","mlb","394","0.028","0.005","1.7","0.3","305","0.001","-0.1","2","0.026","-0.001","-0.0","2017","1.5","1.6",543309
"219","Kyle Higashioka","mlb","1,390","0.015","0.002","3.2","0.5","1125","-0.003","0.8","14","0.006","0.001","-0.1","2018","4.4","3.8",543309
"220","Kyle Schwarber","mlb","988","-0.002","0.005","-0.2","0.6","680","0.002","-0.3","16","0.029","0.005","-0.2","2015","-1.2","-4.4",656941
"221","Luis Torrens","mlb","2,391","-0.016","0.004","-5.8","1.6","1596","0.006","-2.5","16","0.004","0.001","-0.0","2017","-8.6","-9.0",620443
"222","Luke Maile","mlb","2,076","0.007","0.004","2.1","1.1","1416","-0.000","0.1","20","-0.008","0.004","0.1","2016","1.9","2.1",571912
"223","Luke Maile","mlb","3,897","0.014","0.003","8.1","1.7","2783","-0.000","0.1","41","-0.003","-0.003","0.1","2018","8.2","9.5",571912
"224","Luke Maile","mlb","2,306","0.011","0.004","3.8","1.3","1542","-0.002","0.8","23","-0.010","0.000","0.2","2017","3.9","4.3",571912
"225","Luke Maile","mlb","536","0.005","0.005","0.4","0.4","351","0.005","-0.5","1","-0.009","-0.002","0.0","2015","-0.1","-0.1",571912
"226","Manny Pina","mlb","5,615","-0.003","0.002","-2.9","1.9","3809","-0.001","0.7","52","-0.055","0.002","2.0","2017","3.0","1.4",444489
"227","Manny Pina","mlb","5,497","0.006","0.003","4.8","2.5","3516","-0.001","1.3","41","-0.019","-0.001","0.5","2018","6.3","7.0",444489
"228","Manny Pina","mlb","993","-0.004","0.005","-0.5","0.6","630","0.001","-0.2","17","0.010","0.004","-0.1","2016","-0.6","-0.8",444489
"229","Martin Maldonado","mlb","8,267","0.022","0.001","27.2","1.9","5294","-0.001","1.0","68","-0.070","0.000","3.2","2017","32.0","32.1",455117
"230","Martin Maldonado","mlb","4,239","0.004","0.004","2.5","2.3","2858","-0.002","1.3","46","-0.073","-0.001","2.1","2016","7.5","5.5",455117
"231","Martin Maldonado","mlb","4,423","0.013","0.004","7.7","2.3","2949","-0.001","0.9","44","-0.026","-0.003","0.7","2015","9.5","7.2",455117
"232","Martin Maldonado","mlb","7,057","0.005","0.002","5.9","2.0","4851","0.001","-1.1","35","-0.020","0.000","0.5","2018","6.5","3.2",455117
"233","Matt Wieters","mlb","3,553","-0.003","0.002","-1.6","0.8","2355","0.001","-0.5","24","-0.005","-0.004","0.2","2015","-2.7","0.2",446308
"234","Matt Wieters","mlb","3,922","-0.006","0.001","-3.7","0.5","2603","-0.002","1.1","41","-0.011","0.000","0.3","2018","-2.3","-4.0",446308
"235","Matt Wieters","mlb","7,158","0.001","0.002","0.7","1.9","4757","-0.001","1.0","54","-0.052","-0.003","1.9","2016","4.3","4.0",446308
"236","Matt Wieters","mlb","7,224","-0.010","0.002","-11.2","2.6","4596","-0.001","1.5","67","0.016","-0.003","-0.7","2017","-11.0","-10.4",446308
"237","Max Stassi","mlb","445","0.003","0.006","0.2","0.4","322","-0.004","0.4","2","-0.003","-0.001","0.0","2017","0.5","0.5",545358
"238","Max Stassi","mlb","4,170","0.022","0.003","13.9","2.1","2767","-0.000","0.1","36","0.002","-0.000","-0.1","2018","14.0","14.5",545358
"239","Max Stassi","mlb","295","-0.012","0.004","-0.5","0.2","226","-0.005","0.3","4","-0.008","-0.001","0.0","2015","0.2","-0.2",545358
"240","Max Stassi","mlb","219","-0.010","0.007","-0.3","0.2","144","-0.002","0.1","2","0.020","-0.000","-0.0","2016","0.2","-0.3",545358
"241","Meibrys Viloria","mlb","489","-0.000","0.005","-0.0","0.4","344","0.009","-0.8","10","-0.002","0.008","0.0","2018","-0.1","-1.0",650619
"242","Michael Perez","mlb","1,288","-0.018","0.003","-3.5","0.7","916","-0.002","0.5","14","-0.004","0.003","0.0","2018","-2.5","-3.6",605421
"243","Miguel Montero","mlb","3,749","0.030","0.002","16.1","1.3","2532","0.003","-1.8","55","0.100","0.012","-3.5","2016","10.1","10.1",471083
"244","Miguel Montero","mlb","211","0.009","0.003","0.3","0.1","140","-0.004","0.2","1","0.021","0.000","-0.0","2018","0.4","0.4",471083
"245","Miguel Montero","mlb","3,045","0.015","0.003","7.2","1.5","2095","-0.002","1.0","51","0.112","0.008","-3.9","2017","3.5","0.6",471083
"246","Miguel Montero","mlb","5,556","0.024","0.004","18.0","2.7","3591","-0.002","1.7","80","0.061","0.006","-2.6","2015","16.8","16.4",471083
"247","Mike Zunino","mlb","2,988","0.007","0.004","3.0","1.6","1890","-0.004","1.6","23","0.013","-0.003","-0.2","2016","3.9","3.7",572287
"248","Mike Zunino","mlb","6,303","0.016","0.002","13.2","1.8","3996","0.001","-1.5","59","-0.013","-0.001","0.5","2015","11.5","10.3",572287
"249","Mike Zunino","mlb","6,245","0.008","0.001","7.5","0.9","4071","0.001","-1.1","47","-0.013","-0.002","0.4","2018","6.6","6.4",572287
"250","Mike Zunino","mlb","6,961","0.010","0.002","10.9","2.3","4468","0.002","-3.1","66","0.012","0.001","-0.6","2017","5.6","6.3",572287
"251","Mitch Garver","mlb","324","-0.018","0.005","-0.9","0.3","237","0.001","-0.1","4","0.010","0.000","-0.0","2017","-1.0","-1.0",641598
"252","Mitch Garver","mlb","5,254","-0.010","0.003","-8.2","2.1","3668","-0.000","0.2","46","0.013","0.003","-0.4","2018","-8.5","-8.6",641598
"253","Nick Ciuffo","mlb","727","-0.003","0.006","-0.4","0.7","458","0.005","-0.6","7","0.001","0.002","-0.0","2018","-0.2","-1.2",624419
"254","Nick Hundley","mlb","6,481","-0.012","0.002","-10.5","1.6","4504","-0.001","1.6","71","-0.012","-0.001","0.5","2015","-8.8","-7.5",460026
"255","Nick Hundley","mlb","4,910","-0.018","0.002","-13.2","1.4","3146","0.001","-0.5","52","0.008","-0.002","-0.3","2018","-14.1","-14.0",460026
"256","Nick Hundley","mlb","5,022","-0.013","0.002","-9.3","1.3","3485","-0.000","0.0","54","0.093","0.002","-3.2","2016","-13.2","-12.8",460026
"257","Nick Hundley","mlb","4,637","-0.002","0.004","-1.1","2.7","3082","0.000","-0.0","39","-0.024","-0.001","0.6","2017","-1.1","-0.9",460026
"258","Omar Narvaez","mlb","1,859","-0.004","0.002","-1.0","0.6","1375","0.003","-0.8","21","0.075","0.003","-1.0","2016","-2.9","-3.5",553882
"259","Omar Narvaez","mlb","4,976","-0.014","0.004","-10.8","3.0","3537","0.005","-4.6","63","0.003","0.008","-0.1","2018","-15.7","-17.5",553882
"260","Omar Narvaez","mlb","5,282","-0.008","0.003","-6.3","2.4","3546","0.001","-1.5","61","0.014","0.007","-0.6","2017","-9.3","-9.6",553882
"261","Pedro Severino","mlb","67","0.005","0.001","0.0","0.0","36","-0.007","0.1","","0.000","-0.000","0.0","2015","3.3","0.2",600474
"262","Pedro Severino","mlb","618","-0.004","0.005","-0.4","0.5","420","-0.003","0.3","7","-0.016","0.002","0.1","2016","-0.0","0.5",600474
"263","Pedro Severino","mlb","3,590","0.001","0.002","0.3","1.2","2389","-0.000","0.2","37","-0.004","0.005","0.1","2018","0.5","0.0",600474
"264","Pedro Severino","mlb","392","0.011","0.003","0.7","0.2","280","0.005","-0.4","4","-0.012","0.000","0.0","2017","0.3","0.3",600474
"265","Raudy Read","mlb","94","-0.017","0.006","-0.2","0.1","81","0.005","-0.1","1","0.016","0.001","-0.0","2017","-0.4","-0.4",600466
"266","Rene Rivera","mlb","5,605","0.010","0.001","7.9","0.8","3892","0.000","-0.4","58","-0.042","0.006","1.3","2015","8.5","8.2",425784
"267","Rene Rivera","mlb","3,300","0.017","0.003","7.9","1.6","2119","0.001","-0.6","53","-0.034","0.000","1.2","2016","8.1","10.5",425784
"268","Rene Rivera","mlb","4,326","0.004","0.001","2.4","0.8","2957","0.003","-2.7","34","-0.041","0.001","0.9","2017","1.1","0.3",425784
"269","Rene Rivera","mlb","1,567","0.007","0.003","1.7","0.8","1099","0.005","-1.4","14","-0.011","0.002","0.1","2018","0.3","0.7",425784
"270","Rob Brantly","mlb","314","-0.011","0.005","-0.5","0.2","224","-0.007","0.5","4","0.014","-0.001","-0.0","2017","1.3","-0.1",542963
"271","Rob Brantly","mlb","579","-0.021","0.007","-1.6","0.5","368","0.003","-0.3","4","-0.023","-0.001","0.1","2015","-1.5","-2.1",542963
"272","Roberto Perez","mlb","3,374","0.021","0.003","10.9","1.6","2400","-0.002","1.6","32","0.011","-0.001","-0.2","2018","12.1","11.1",547379
"273","Roberto Perez","mlb","3,154","0.017","0.002","7.7","1.0","2050","-0.003","1.3","24","-0.078","-0.004","1.2","2016","10.8","10.1",547379
"274","Roberto Perez","mlb","4,255","0.027","0.002","17.6","1.5","2907","-0.003","2.2","25","-0.024","-0.006","0.4","2017","19.7","19.8",547379
"275","Roberto Perez","mlb","3,694","0.013","0.004","6.6","1.9","2562","-0.003","2.2","36","-0.055","-0.003","1.2","2015","10.0","9.4",547379
"276","Robinson Chirinos","mlb","5,164","-0.002","0.004","-1.6","2.8","3504","-0.002","2.4","54","0.023","-0.002","-0.9","2017","0.2","-0.2",455139
"277","Robinson Chirinos","mlb","6,888","-0.011","0.003","-11.2","2.9","4583","-0.001","0.7","46","0.026","-0.007","-0.8","2018","-11.0","-10.8",455139
"278","Robinson Chirinos","mlb","4,963","-0.002","0.002","-1.7","1.3","3299","-0.002","2.0","35","-0.003","-0.006","0.4","2015","0.9","-0.5",455139
"279","Robinson Chirinos","mlb","3,062","-0.017","0.003","-7.4","1.3","2179","-0.004","1.9","26","0.003","-0.004","-0.0","2016","-6.5","-5.2",455139
"280","Rocky Gale","mlb","10","-0.001","0.001","-0.0","0.0","7","-0.001","0.0","","0.000","0.001","0.0","2018","1.7","-0.0",502570
"281","Rocky Gale","mlb","162","0.001","0.005","0.0","0.1","102","0.004","-0.1","5","0.045","0.003","-0.2","2017","1.8","-0.3",502570
"282","Rocky Gale","mlb","91","0.011","0.009","0.1","0.1","97","-0.018","0.4","","0.000","-0.001","0.0","2015","1.3","0.6",502570
"283","Russell Martin","mlb","4,919","0.003","0.003","2.6","2.1","3359","0.000","-0.2","52","0.030","0.000","-1.1","2017","1.1","1.6",431145
"284","Russell Martin","mlb","4,653","0.010","0.002","7.3","1.3","3245","-0.002","1.6","65","0.008","0.004","-0.3","2018","8.4","8.0",431145
"285","Russell Martin","mlb","7,264","0.015","0.002","15.8","2.4","4733","-0.000","0.1","60","0.076","-0.002","-2.8","2016","12.5","13.0",431145
"286","Russell Martin","mlb","6,823","0.016","0.002","14.3","2.0","4315","0.004","-4.1","63","-0.078","0.006","2.6","2015","12.9","12.9",431145
"287","Ryan Hanigan","mlb","3,458","0.006","0.003","2.6","1.6","2329","0.001","-0.8","30","-0.013","0.003","0.2","2015","1.2","1.2",452672
"288","Ryan Hanigan","mlb","1,968","-0.035","0.003","-10.5","0.9","1456","-0.003","1.2","12","0.018","-0.005","-0.1","2017","-9.9","-9.9",452672
"289","Ryan Hanigan","mlb","2,057","-0.011","0.004","-3.1","1.2","1509","0.006","-1.9","24","0.023","0.010","-0.3","2016","-5.8","-4.9",452672
"290","Ryan Lavarnway","mlb","1,715","-0.012","0.003","-2.8","0.7","1195","-0.001","0.3","12","-0.015","-0.005","0.2","2015","-2.3","-2.7",543432
"291","Ryan Lavarnway","mlb","267","0.001","0.004","0.0","0.2","192","0.009","-0.5","2","-0.001","0.000","0.0","2017","-0.0","-0.5",543432
"292","Salvador Perez","mlb","8,529","-0.002","0.001","-2.7","1.0","5606","-0.000","0.7","79","-0.011","0.001","0.5","2015","-1.0","-3.7",521692
"293","Salvador Perez","mlb","8,075","-0.008","0.002","-9.5","2.7","5425","-0.002","2.9","72","-0.122","-0.003","5.6","2016","-1.4","-1.9",521692
"294","Salvador Perez","mlb","7,011","-0.009","0.002","-10.0","1.7","4652","-0.001","1.5","65","-0.002","-0.002","0.1","2017","-8.4","-10.2",521692
"295","Salvador Perez","mlb","6,302","-0.010","0.002","-9.9","2.1","4168","0.001","-0.6","46","-0.025","-0.005","0.8","2018","-9.5","-8.2",521692
"296","Sandy Leon","mlb","4,952","0.013","0.001","9.7","1.1","3302","-0.000","0.4","39","-0.076","0.001","2.0","2017","10.7","10.8",506702
"297","Sandy Leon","mlb","4,151","-0.004","0.003","-2.1","1.7","2638","0.001","-0.5","30","-0.057","-0.004","1.1","2016","-1.0","-1.5",506702
"298","Sandy Leon","mlb","4,892","0.016","0.002","11.6","1.6","3331","-0.000","0.1","30","-0.003","-0.001","0.1","2018","11.7","11.7",506702
"299","Sandy Leon","mlb","2,074","-0.012","0.003","-3.4","0.7","1345","0.001","-0.3","19","-0.037","-0.000","0.4","2015","-3.4","-2.0",506702
"300","Spencer Kieboom","mlb","2,635","-0.003","0.003","-1.4","1.2","1724","-0.002","1.0","22","-0.008","0.000","0.1","2018","-0.3","-0.7",571851
"301","Stephen Vogt","mlb","4,332","0.014","0.003","9.5","2.0","2909","-0.002","1.7","67","0.089","0.006","-4.0","2017","7.2","-1.0",519390
"302","Stephen Vogt","mlb","6,723","-0.009","0.002","-8.6","1.7","4356","0.002","-1.7","61","0.000","-0.001","0.0","2016","-11.0","-11.3",519390
"303","Stephen Vogt","mlb","5,816","-0.007","0.002","-5.2","1.5","3723","0.001","-1.2","54","-0.017","-0.003","0.7","2015","-5.5","-9.0",519390
"304","Steven Baron","mlb","83","-0.002","0.003","-0.0","0.0","60","-0.003","0.1","1","0.008","0.001","-0.0","2018","0.0","0.0",571467
"305","Steven Baron","mlb","211","0.013","0.004","0.4","0.1","163","-0.002","0.1","2","0.012","0.001","-0.0","2015","0.4","0.4",571467
"306","Stuart Turner","mlb","1,420","-0.014","0.003","-3.1","0.7","974","0.002","-0.6","12","0.022","-0.001","-0.2","2017","-3.7","-3.2",642156
"307","Taylor Davis","mlb","27","0.003","0.002","0.0","0.0","31","-0.009","0.1","2","0.025","0.001","-0.0","2017","1.0","0.0",543089
"308","Taylor Davis","mlb","28","0.000","0.001","0.0","0.0","14","-0.004","0.0","","0.000","0.000","0.0","2018","1.5","0.1",543089
"309","Tim Federowicz","mlb","135","-0.007","0.002","-0.2","0.1","102","-0.006","0.2","1","0.018","-0.000","-0.0","2017","0.5","0.1",543148
"310","Tim Federowicz","mlb","459","-0.004","0.004","-0.3","0.3","296","0.006","-0.4","3","0.027","0.002","-0.1","2016","-0.8","-0.5",543148
"311","Tim Federowicz","mlb","749","-0.003","0.005","-0.4","0.6","536","0.003","-0.5","6","0.001","-0.000","-0.0","2018","-0.9","-1.0",543148
"312","Tom Murphy","mlb","668","-0.014","0.003","-1.3","0.3","452","0.005","-0.5","7","0.026","-0.001","-0.1","2015","-1.7","-2.0",608596
"313","Tom Murphy","mlb","607","0.003","0.003","0.3","0.2","457","-0.001","0.1","8","-0.013","0.001","0.1","2016","0.4","0.5",608596
"314","Tom Murphy","mlb","448","-0.005","0.004","-0.3","0.2","354","-0.006","0.6","5","0.019","-0.000","-0.1","2017","0.1","0.5",608596
"315","Tom Murphy","mlb","1,203","-0.002","0.003","-0.3","0.6","826","-0.000","0.0","12","0.003","0.004","-0.0","2018","-0.3","-0.3",608596
"316","Tomas Nido","mlb","1,473","0.016","0.003","3.5","0.6","984","0.000","-0.1","23","-0.002","-0.000","0.0","2018","3.3","3.3",621512
"317","Tomas Nido","mlb","163","0.003","0.008","0.1","0.2","155","-0.007","0.3","1","0.018","-0.001","-0.0","2017","1.7","0.3",621512
"318","Tomas Telis","mlb","71","0.001","0.003","0.0","0.0","59","-0.008","0.1","2","0.006","0.000","-0.0","2018","-0.9","0.1",542513
"319","Tomas Telis","mlb","91","-0.005","0.002","-0.1","0.0","90","-0.003","0.1","2","0.026","0.001","-0.0","2016","0.4","-0.2",542513
"320","Tomas Telis","mlb","405","-0.050","0.009","-2.7","0.5","328","-0.008","0.6","3","0.002","-0.003","0.0","2015","-2.2","-2.2",542513
"321","Tomas Telis","mlb","118","-0.020","0.004","-0.4","0.1","98","-0.005","0.1","3","0.030","0.001","-0.1","2017","0.2","-1.6",542513
"322","Tony Cruz","mlb","2,112","0.002","0.002","0.6","0.6","1408","0.001","-0.5","17","0.033","-0.002","-0.3","2015","-0.4","0.2",488810
"323","Tony Cruz","mlb","75","-0.002","0.004","-0.0","0.0","58","0.008","-0.1","","0.000","-0.000","0.0","2016","-0.1","-0.1",488810
"324","Tony Cruz","mlb","402","-0.017","0.001","-1.0","0.1","250","0.003","-0.2","1","-0.004","0.001","0.0","2018","-1.3","-0.8",488810
"325","Tony Sanchez","mlb","121","0.017","0.005","0.3","0.1","57","-0.017","0.2","3","0.000","-0.001","0.0","2015","0.8","0.5",506997
"326","Tony Wolters","mlb","3,414","0.019","0.004","10.2","2.0","2378","0.001","-0.6","28","-0.011","-0.001","0.2","2018","9.6","10.6",547172
"327","Tony Wolters","mlb","4,198","-0.004","0.004","-2.7","2.5","2805","0.001","-0.6","31","-0.054","0.001","1.1","2017","-3.0","-0.8",547172
"328","Tony Wolters","mlb","3,526","0.020","0.002","9.9","1.0","2536","0.000","-0.1","33","-0.022","0.001","0.5","2016","9.8","8.8",547172
"329","Tucker Barnhart","mlb","7,435","-0.010","0.002","-11.5","2.0","4954","-0.003","3.6","59","0.005","-0.009","-0.3","2018","-8.4","-10.3",571466
"330","Tucker Barnhart","mlb","7,165","-0.002","0.002","-2.3","2.1","4879","-0.002","2.3","89","-0.029","0.002","1.7","2016","1.8","3.4",571466
"331","Tucker Barnhart","mlb","4,494","0.007","0.002","4.1","1.5","2958","-0.001","0.6","44","-0.009","-0.000","0.2","2015","3.9","6.0",571466
"332","Tucker Barnhart","mlb","6,956","-0.008","0.002","-8.2","1.7","4807","-0.002","2.7","60","-0.122","-0.001","4.9","2017","-0.9","0.7",571466
"333","Tuffy Gosewisch","mlb","558","0.003","0.003","0.2","0.2","332","-0.000","0.0","4","0.018","0.000","-0.0","2017","0.1","0.1",488912
"334","Tuffy Gosewisch","mlb","1,727","-0.009","0.004","-2.1","1.1","1354","0.002","-0.6","14","0.009","-0.005","-0.0","2016","-3.1","-3.6",488912
"335","Tuffy Gosewisch","mlb","2,241","-0.001","0.001","-0.4","0.3","1424","-0.002","0.9","27","-0.024","0.004","0.3","2015","0.6","0.7",488912
"336","Tyler Flowers","mlb","4,925","0.019","0.002","13.3","1.5","3357","0.001","-0.8","51","0.137","0.002","-4.4","2016","8.1","6.5",452095
"337","Tyler Flowers","mlb","6,312","0.023","0.001","19.2","0.5","4378","0.003","-2.8","61","0.017","0.004","-0.6","2015","15.1","15.0",452095
"338","Tyler Flowers","mlb","5,348","0.039","0.003","32.0","2.5","3763","0.001","-0.8","60","0.028","0.005","-1.1","2017","30.1","29.5",452095
"339","Tyler Flowers","mlb","4,499","0.020","0.001","13.7","0.5","3020","0.000","-0.4","49","0.005","0.010","-0.2","2018","13.0","13.2",452095
"340","Victor Caratini","mlb","538","-0.012","0.002","-1.0","0.2","322","-0.006","0.5","5","-0.006","0.000","0.0","2017","-0.6","-0.6",605170
"341","Victor Caratini","mlb","2,259","-0.003","0.002","-1.0","0.8","1481","-0.001","0.3","30","-0.003","0.003","0.1","2018","-1.1","-0.5",605170
"342","Welington Castillo","mlb","2,805","-0.013","0.002","-5.5","1.0","2025","0.001","-0.8","30","-0.004","0.007","0.1","2018","-6.4","-6.4",456078
"343","Welington Castillo","mlb","5,487","-0.009","0.004","-6.8","2.7","3621","-0.002","1.4","35","0.016","-0.006","0.0","2015","-5.4","-5.3",456078
"344","Welington Castillo","mlb","6,897","-0.008","0.002","-7.7","2.2","4891","0.001","-1.5","51","-0.092","-0.004","3.1","2016","-6.4","-8.6",456078
"345","Welington Castillo","mlb","5,967","0.007","0.003","6.8","2.5","4167","-0.001","1.3","48","-0.098","-0.004","3.2","2017","12.4","10.8",456078
"346","Willians Astudillo","mlb","1,014","0.007","0.002","1.1","0.3","684","-0.003","0.5","7","-0.001","-0.001","0.0","2018","1.6","1.9",553902
"347","Willson Contreras","mlb","8,347","-0.014","0.002","-17.8","2.0","5597","-0.001","1.9","69","-0.009","-0.004","0.4","2018","-15.0","-15.4",575929
"348","Willson Contreras","mlb","2,808","0.013","0.003","5.0","1.2","1921","-0.003","1.4","32","-0.039","0.001","0.8","2016","7.6","4.3",575929
"349","Willson Contreras","mlb","6,228","-0.003","0.003","-2.8","3.0","4196","-0.000","0.6","76","0.022","0.009","-1.1","2017","-1.1","0.4",575929
"350","Wilson Ramos","mlb","7,694","0.010","0.002","10.7","2.0","4895","0.001","-1.2","44","-0.050","-0.008","1.6","2016","11.4","10.0",467092
"351","Wilson Ramos","mlb","7,220","0.006","0.003","5.7","3.3","4532","-0.002","2.8","49","-0.048","-0.010","2.0","2015","10.9","12.3",467092
"352","Wilson Ramos","mlb","3,516","0.003","0.001","1.4","0.8","2410","0.006","-3.9","29","0.040","0.004","-0.8","2017","-4.1","-3.1",467092
"353","Wilson Ramos","mlb","5,642","0.000","0.002","0.3","1.4","3732","0.000","-0.1","44","-0.002","0.004","0.1","2018","0.9","-0.8",467092
"354","Yadier Molina","mlb","8,386","0.005","0.002","6.4","2.5","5457","-0.000","0.2","52","-0.065","-0.010","2.2","2017","9.3","6.0",425877
"355","Yadier Molina","mlb","7,919","0.011","0.002","11.9","1.7","5334","-0.001","1.5","56","-0.066","-0.006","2.4","2015","15.4","16.9",425877
"356","Yadier Molina","mlb","7,672","0.002","0.002","2.3","1.9","5154","-0.001","1.2","26","-0.009","-0.010","0.1","2018","3.5","1.5",425877
"357","Yadier Molina","mlb","8,949","0.008","0.003","10.4","4.2","5999","-0.001","1.6","66","0.030","-0.010","-0.9","2016","10.7","11.7",425877
"358","Yan Gomes","mlb","6,527","0.008","0.002","7.5","1.6","4275","-0.001","1.7","66","-0.001","0.000","0.0","2018","9.6","9.2",543228
"359","Yan Gomes","mlb","5,209","0.002","0.003","1.1","1.8","3212","0.000","-0.2","56","-0.000","0.000","0.0","2015","0.7","0.7",543228
"360","Yan Gomes","mlb","5,758","0.005","0.002","4.2","1.3","3743","-0.000","0.5","50","-0.069","-0.003","2.3","2017","7.6","6.8",543228
"361","Yan Gomes","mlb","4,092","-0.006","0.004","-3.2","2.2","2545","0.001","-0.3","28","-0.009","0.000","0.2","2016","-3.0","-4.6",543228
"362","Yasmani Grandal","mlb","6,735","0.025","0.002","26.2","2.0","4553","0.001","-1.4","56","-0.033","0.003","1.3","2017","26.2","27.7",518735
"363","Yasmani Grandal","mlb","6,851","0.015","0.001","15.7","0.7","4643","-0.001","0.8","60","-0.001","0.001","0.1","2018","16.3","17.7",518735
"364","Yasmani Grandal","mlb","6,749","0.029","0.002","28.0","2.0","4486","-0.000","0.3","68","-0.011","0.008","0.5","2016","29.2","33.6",518735
"365","Yasmani Grandal","mlb","5,958","0.033","0.002","26.2","1.5","3817","0.001","-0.7","63","0.001","0.002","-0.0","2015","24.9","25.6",518735
